INSERT INTO public.users (id, created_at, updated_at, name, currency, date_format, language, reminder_before_task, theme, time_format, timezone, shared_notes_project, shared_tasks_project, shared_transactions_project) VALUES (0, '2020-02-11 05:01:54.960000', '2020-02-11 05:01:54.960000', 'BulletJournal', 'US', 0, null, 1, null, 0, 'America/Los_Angeles', null, null, null);
INSERT INTO public.users (id, created_at, updated_at, name, currency, date_format, language, reminder_before_task, theme, time_format, timezone, shared_notes_project, shared_tasks_project, shared_transactions_project) VALUES (2, '2020-02-11 14:34:49.363000', '2020-02-11 14:34:49.363000', 'bbs1024', 'US', 0, null, 1, null, 0, 'America/Los_Angeles', null, null, null);
INSERT INTO public.users (id, created_at, updated_at, name, currency, date_format, language, reminder_before_task, theme, time_format, timezone, shared_notes_project, shared_tasks_project, shared_transactions_project) VALUES (3, '2020-02-11 14:35:16.334000', '2020-02-11 14:35:16.334000', 'ccc', 'US', 0, null, 1, null, 0, 'America/Los_Angeles', null, null, null);
INSERT INTO public.users (id, created_at, updated_at, name, currency, date_format, language, reminder_before_task, theme, time_format, timezone, shared_notes_project, shared_tasks_project, shared_transactions_project) VALUES (4, '2020-02-11 14:35:44.218000', '2020-02-11 14:35:44.218000', 'Thinker', 'US', 0, null, 1, null, 0, 'America/Los_Angeles', null, null, null);
INSERT INTO public.users (id, created_at, updated_at, name, currency, date_format, language, reminder_before_task, theme, time_format, timezone, shared_notes_project, shared_tasks_project, shared_transactions_project) VALUES (5, '2020-02-11 14:35:50.358000', '2020-02-11 14:35:50.358000', 'Joker', 'US', 0, null, 1, null, 0, 'America/Los_Angeles', null, null, null);
INSERT INTO public.users (id, created_at, updated_at, name, currency, date_format, language, reminder_before_task, theme, time_format, timezone, shared_notes_project, shared_tasks_project, shared_transactions_project) VALUES (6, '2020-02-11 14:36:40.548000', '2020-02-11 14:36:40.548000', 'mqm', 'US', 0, null, 1, null, 0, 'America/Los_Angeles', null, null, null);
INSERT INTO public.users (id, created_at, updated_at, name, currency, date_format, language, reminder_before_task, theme, time_format, timezone, shared_notes_project, shared_tasks_project, shared_transactions_project) VALUES (7, '2020-02-11 14:36:52.566000', '2020-02-11 14:36:52.566000', 'hero', 'US', 0, null, 1, null, 0, 'America/Los_Angeles', null, null, null);
INSERT INTO public.users (id, created_at, updated_at, name, currency, date_format, language, reminder_before_task, theme, time_format, timezone, shared_notes_project, shared_tasks_project, shared_transactions_project) VALUES (8, '2020-02-11 14:37:14.582000', '2020-02-11 14:37:14.582000', 'bean', 'US', 0, null, 1, null, 0, 'America/Los_Angeles', null, null, null);
INSERT INTO public.users (id, created_at, updated_at, name, currency, date_format, language, reminder_before_task, theme, time_format, timezone, shared_notes_project, shared_tasks_project, shared_transactions_project) VALUES (9, '2020-02-11 14:37:21.339000', '2020-02-11 14:37:21.339000', 'xlf', 'US', 0, null, 1, null, 0, 'America/Los_Angeles', null, null, null);
INSERT INTO public.users (id, created_at, updated_at, name, currency, date_format, language, reminder_before_task, theme, time_format, timezone, shared_notes_project, shared_tasks_project, shared_transactions_project) VALUES (10, '2020-02-11 14:37:30.421000', '2020-02-11 14:37:30.421000', '999999', 'US', 1, null, 2, null, 1, 'America/Los_Angeles', null, null, null);
INSERT INTO public.users (id, created_at, updated_at, name, currency, date_format, language, reminder_before_task, theme, time_format, timezone, shared_notes_project, shared_tasks_project, shared_transactions_project) VALUES (11, '2020-02-11 14:37:41.698000', '2020-02-11 14:37:41.698000', '0518', 'US', 1, null, 3, null, 0, 'America/Los_Angeles', null, null, null);
INSERT INTO public.users (id, created_at, updated_at, name, currency, date_format, language, reminder_before_task, theme, time_format, timezone, shared_notes_project, shared_tasks_project, shared_transactions_project) VALUES (12, '2020-02-11 14:37:52.109000', '2020-02-11 14:37:52.109000', 'Scarlet', 'US', 0, null, 0, null, 1, 'America/Los_Angeles', null, null, null);
INSERT INTO public.users (id, created_at, updated_at, name, currency, date_format, language, reminder_before_task, theme, time_format, timezone, shared_notes_project, shared_tasks_project, shared_transactions_project) VALUES (13, '2020-02-11 14:38:17.230000', '2020-02-11 14:38:17.230000', 'lsx9981', 'US', 1, null, 4, null, 1, 'America/Los_Angeles', null, null, null);
INSERT INTO public.users (id, created_at, updated_at, name, currency, date_format, language, reminder_before_task, theme, time_format, timezone, shared_notes_project, shared_tasks_project, shared_transactions_project) VALUES (14, '2020-02-11 14:40:17.230000', '2020-02-11 14:40:17.240000', 'Michael_Zhou', 'US', 1, null, 1, null, 1, 'America/Los_Angeles', null, null, null);
INSERT INTO public.users (id, created_at, updated_at, name, currency, date_format, language, reminder_before_task, theme, time_format, timezone, shared_notes_project, shared_tasks_project, shared_transactions_project) VALUES (151, '2020-05-03 19:12:19.972000', '2020-05-03 19:12:19.972000', 'XXXXX', 'US', 0, null, 1, 'LIGHT', 0, 'America/Los_Angeles', null, null, null);
INSERT INTO public.users (id, created_at, updated_at, name, currency, date_format, language, reminder_before_task, theme, time_format, timezone, shared_notes_project, shared_tasks_project, shared_transactions_project) VALUES (201, '2020-05-03 20:05:05.210000', '2020-05-03 20:05:05.210000', 'Ping_Woo', 'US', 0, null, 1, 'LIGHT', 0, 'America/Chicago', null, null, null);
INSERT INTO public.users (id, created_at, updated_at, name, currency, date_format, language, reminder_before_task, theme, time_format, timezone, shared_notes_project, shared_tasks_project, shared_transactions_project) VALUES (202, '2020-05-03 22:45:54.822000', '2020-05-03 22:45:54.822000', 'Arthas', 'US', 0, null, 1, 'LIGHT', 0, 'America/Los_Angeles', null, null, null);
INSERT INTO public.users (id, created_at, updated_at, name, currency, date_format, language, reminder_before_task, theme, time_format, timezone, shared_notes_project, shared_tasks_project, shared_transactions_project) VALUES (203, '2020-05-03 22:58:05.013000', '2020-05-03 22:58:05.013000', 'wanismvp', 'US', 0, null, 1, 'LIGHT', 0, 'America/Los_Angeles', null, null, null);
INSERT INTO public.users (id, created_at, updated_at, name, currency, date_format, language, reminder_before_task, theme, time_format, timezone, shared_notes_project, shared_tasks_project, shared_transactions_project) VALUES (251, '2020-05-03 23:12:42.848000', '2020-05-03 23:12:42.848000', 'yangming', 'US', 0, null, 1, 'LIGHT', 0, 'America/Los_Angeles', null, null, null);
INSERT INTO public.users (id, created_at, updated_at, name, currency, date_format, language, reminder_before_task, theme, time_format, timezone, shared_notes_project, shared_tasks_project, shared_transactions_project) VALUES (252, '2020-05-03 23:15:36.640000', '2020-05-03 23:15:36.640000', 'Wang_Xinxin', 'US', 0, null, 1, 'LIGHT', 0, 'America/Los_Angeles', null, null, null);
INSERT INTO public.users (id, created_at, updated_at, name, currency, date_format, language, reminder_before_task, theme, time_format, timezone, shared_notes_project, shared_tasks_project, shared_transactions_project) VALUES (254, '2020-05-03 23:35:09.091000', '2020-05-03 23:35:09.091000', 'ttt', 'US', 0, null, 1, 'LIGHT', 0, 'America/Los_Angeles', null, null, null);
INSERT INTO public.users (id, created_at, updated_at, name, currency, date_format, language, reminder_before_task, theme, time_format, timezone, shared_notes_project, shared_tasks_project, shared_transactions_project) VALUES (255, '2020-05-04 01:24:55.379000', '2020-05-04 01:24:55.379000', 'bamb', 'US', 0, null, 1, 'LIGHT', 0, 'America/Los_Angeles', null, null, null);
INSERT INTO public.users (id, created_at, updated_at, name, currency, date_format, language, reminder_before_task, theme, time_format, timezone, shared_notes_project, shared_tasks_project, shared_transactions_project) VALUES (256, '2020-05-04 02:05:23.524000', '2020-05-04 02:05:23.524000', 'Fun_bam', 'US', 0, null, 1, 'LIGHT', 0, 'America/Los_Angeles', null, null, null);
INSERT INTO public.users (id, created_at, updated_at, name, currency, date_format, language, reminder_before_task, theme, time_format, timezone, shared_notes_project, shared_tasks_project, shared_transactions_project) VALUES (257, '2020-05-04 02:17:32.231000', '2020-05-04 02:17:32.231000', 'Bai_Bai', 'US', 0, null, 1, 'LIGHT', 0, 'America/Los_Angeles', null, null, null);
INSERT INTO public.users (id, created_at, updated_at, name, currency, date_format, language, reminder_before_task, theme, time_format, timezone, shared_notes_project, shared_tasks_project, shared_transactions_project) VALUES (258, '2020-05-04 02:18:00.317000', '2020-05-04 02:18:00.317000', 'ywang214', 'US', 0, null, 1, 'LIGHT', 0, 'America/Los_Angeles', null, null, null);
INSERT INTO public.users (id, created_at, updated_at, name, currency, date_format, language, reminder_before_task, theme, time_format, timezone, shared_notes_project, shared_tasks_project, shared_transactions_project) VALUES (1, '2020-02-11 14:34:09.535000', '2020-05-04 03:57:50.614000', 'Xavier', 'US', 0, null, 1, 'PINK', 0, 'America/Los_Angeles', null, null, null);
INSERT INTO public.users (id, created_at, updated_at, name, currency, date_format, language, reminder_before_task, theme, time_format, timezone, shared_notes_project, shared_tasks_project, shared_transactions_project) VALUES (301, '2020-05-04 04:05:43.213000', '2020-05-04 04:05:43.213000', 'fun_bam', 'US', 0, null, 1, 'LIGHT', 0, 'America/Los_Angeles', null, null, null);
INSERT INTO public.users (id, created_at, updated_at, name, currency, date_format, language, reminder_before_task, theme, time_format, timezone, shared_notes_project, shared_tasks_project, shared_transactions_project) VALUES (253, '2020-05-03 23:20:04.937000', '2020-05-04 04:55:48.198000', 'Rongkai_Liu', 'US', 0, null, 1, 'PINK', 0, 'America/Los_Angeles', null, null, null);

INSERT INTO public.groups (id, created_at, updated_at, name, owner, default_group) VALUES (98, '2020-02-11 05:01:55.055000', '2020-02-11 05:01:55.055000', 'Default', 'BulletJournal', true);
INSERT INTO public.groups (id, created_at, updated_at, name, owner, default_group) VALUES (99, '2020-02-11 05:01:55.055000', '2020-02-11 05:01:55.055000', 'Bullet', 'BulletJournal', false);
INSERT INTO public.groups (id, created_at, updated_at, name, owner, default_group) VALUES (1, '2020-02-11 14:34:09.535000', '2020-02-11 14:34:09.535000', 'Default', 'Xavier', true);
INSERT INTO public.groups (id, created_at, updated_at, name, owner, default_group) VALUES (2, '2020-02-11 14:34:09.535000', '2020-02-11 14:34:09.535000', 'Default', 'bbs1024', true);
INSERT INTO public.groups (id, created_at, updated_at, name, owner, default_group) VALUES (3, '2020-02-11 14:34:09.535000', '2020-02-11 14:34:09.535000', 'Default', 'ccc', true);
INSERT INTO public.groups (id, created_at, updated_at, name, owner, default_group) VALUES (4, '2020-02-11 14:34:09.535000', '2020-02-11 14:34:09.535000', 'Default', 'Thinker', true);
INSERT INTO public.groups (id, created_at, updated_at, name, owner, default_group) VALUES (5, '2020-02-11 14:34:09.535000', '2020-02-11 14:34:09.535000', 'Default', 'Joker', true);
INSERT INTO public.groups (id, created_at, updated_at, name, owner, default_group) VALUES (6, '2020-02-11 14:34:09.535000', '2020-02-11 14:34:09.535000', 'Default', 'mqm', true);
INSERT INTO public.groups (id, created_at, updated_at, name, owner, default_group) VALUES (7, '2020-02-11 14:34:09.535000', '2020-02-11 14:34:09.535000', 'Default', 'hero', true);
INSERT INTO public.groups (id, created_at, updated_at, name, owner, default_group) VALUES (8, '2020-02-11 14:34:09.535000', '2020-02-11 14:34:09.535000', 'Default', 'bean', true);
INSERT INTO public.groups (id, created_at, updated_at, name, owner, default_group) VALUES (9, '2020-02-11 14:34:09.535000', '2020-02-11 14:34:09.535000', 'Default', 'xlf', true);
INSERT INTO public.groups (id, created_at, updated_at, name, owner, default_group) VALUES (10, '2020-02-11 14:34:09.535000', '2020-02-11 14:34:09.535000', 'Default', '999999', true);
INSERT INTO public.groups (id, created_at, updated_at, name, owner, default_group) VALUES (11, '2020-02-11 14:34:09.535000', '2020-02-11 14:34:09.535000', 'Default', '0518', true);
INSERT INTO public.groups (id, created_at, updated_at, name, owner, default_group) VALUES (12, '2020-02-11 14:34:09.535000', '2020-02-11 14:34:09.535000', 'Default', 'Scarlet', true);
INSERT INTO public.groups (id, created_at, updated_at, name, owner, default_group) VALUES (13, '2020-02-11 14:34:09.535000', '2020-02-11 14:34:09.535000', 'Default', 'lsx9981', true);
INSERT INTO public.groups (id, created_at, updated_at, name, owner, default_group) VALUES (14, '2020-02-11 14:45:09.535000', '2020-02-11 14:45:09.536000', 'Default', 'Michael_Zhou', true);
INSERT INTO public.groups (id, created_at, updated_at, name, owner, default_group) VALUES (151, '2020-05-03 19:12:20.005000', '2020-05-03 19:12:20.005000', 'Default', 'XXXXX', true);
INSERT INTO public.groups (id, created_at, updated_at, name, owner, default_group) VALUES (201, '2020-05-03 20:05:05.267000', '2020-05-03 20:05:05.267000', 'Default', 'Ping_Woo', true);
INSERT INTO public.groups (id, created_at, updated_at, name, owner, default_group) VALUES (202, '2020-05-03 22:45:54.824000', '2020-05-03 22:45:54.824000', 'Default', 'Arthas', true);
INSERT INTO public.groups (id, created_at, updated_at, name, owner, default_group) VALUES (203, '2020-05-03 22:47:35.688000', '2020-05-03 22:47:35.688000', 'Full Stack Devs', 'Xavier', false);
INSERT INTO public.groups (id, created_at, updated_at, name, owner, default_group) VALUES (204, '2020-05-03 22:58:05.014000', '2020-05-03 22:58:05.014000', 'Default', 'wanismvp', true);
INSERT INTO public.groups (id, created_at, updated_at, name, owner, default_group) VALUES (251, '2020-05-03 23:10:32.211000', '2020-05-03 23:10:32.211000', 'Backend Devs', 'Xavier', false);
INSERT INTO public.groups (id, created_at, updated_at, name, owner, default_group) VALUES (252, '2020-05-03 23:11:25.782000', '2020-05-03 23:11:25.782000', 'Frontend Devs', 'Xavier', false);
INSERT INTO public.groups (id, created_at, updated_at, name, owner, default_group) VALUES (253, '2020-05-03 23:12:42.850000', '2020-05-03 23:12:42.850000', 'Default', 'yangming', true);
INSERT INTO public.groups (id, created_at, updated_at, name, owner, default_group) VALUES (254, '2020-05-03 23:15:36.643000', '2020-05-03 23:15:36.643000', 'Default', 'Wang_Xinxin', true);
INSERT INTO public.groups (id, created_at, updated_at, name, owner, default_group) VALUES (255, '2020-05-03 23:17:15.945000', '2020-05-03 23:17:15.945000', 'Mobile Devs', 'Xavier', false);
INSERT INTO public.groups (id, created_at, updated_at, name, owner, default_group) VALUES (256, '2020-05-03 23:20:04.938000', '2020-05-03 23:20:04.938000', 'Default', 'Rongkai_Liu', true);
INSERT INTO public.groups (id, created_at, updated_at, name, owner, default_group) VALUES (257, '2020-05-03 23:35:09.093000', '2020-05-03 23:35:09.093000', 'Default', 'ttt', true);
INSERT INTO public.groups (id, created_at, updated_at, name, owner, default_group) VALUES (258, '2020-05-04 01:24:55.379000', '2020-05-04 01:24:55.379000', 'Default', 'bamb', true);
INSERT INTO public.groups (id, created_at, updated_at, name, owner, default_group) VALUES (259, '2020-05-04 02:05:23.524000', '2020-05-04 02:05:23.524000', 'Default', 'Fun_bam', true);
INSERT INTO public.groups (id, created_at, updated_at, name, owner, default_group) VALUES (260, '2020-05-04 02:17:32.231000', '2020-05-04 02:17:32.231000', 'Default', 'Bai_Bai', true);
INSERT INTO public.groups (id, created_at, updated_at, name, owner, default_group) VALUES (261, '2020-05-04 02:18:00.317000', '2020-05-04 02:18:00.317000', 'Default', 'ywang214', true);
INSERT INTO public.groups (id, created_at, updated_at, name, owner, default_group) VALUES (301, '2020-05-04 04:05:43.226000', '2020-05-04 04:05:43.226000', 'Default', 'fun_bam', true);

INSERT INTO public.user_groups (group_id, user_id, accepted) VALUES (98, 0, true);
INSERT INTO public.user_groups (group_id, user_id, accepted) VALUES (99, 0, true);
INSERT INTO public.user_groups (group_id, user_id, accepted) VALUES (1, 1, true);
INSERT INTO public.user_groups (group_id, user_id, accepted) VALUES (2, 2, true);
INSERT INTO public.user_groups (group_id, user_id, accepted) VALUES (3, 3, true);
INSERT INTO public.user_groups (group_id, user_id, accepted) VALUES (4, 4, true);
INSERT INTO public.user_groups (group_id, user_id, accepted) VALUES (5, 5, true);
INSERT INTO public.user_groups (group_id, user_id, accepted) VALUES (6, 6, true);
INSERT INTO public.user_groups (group_id, user_id, accepted) VALUES (7, 7, true);
INSERT INTO public.user_groups (group_id, user_id, accepted) VALUES (8, 8, true);
INSERT INTO public.user_groups (group_id, user_id, accepted) VALUES (9, 9, true);
INSERT INTO public.user_groups (group_id, user_id, accepted) VALUES (10, 10, true);
INSERT INTO public.user_groups (group_id, user_id, accepted) VALUES (11, 11, true);
INSERT INTO public.user_groups (group_id, user_id, accepted) VALUES (12, 12, true);
INSERT INTO public.user_groups (group_id, user_id, accepted) VALUES (13, 13, true);
INSERT INTO public.user_groups (group_id, user_id, accepted) VALUES (14, 14, true);
INSERT INTO public.user_groups (group_id, user_id, accepted) VALUES (2, 0, true);
INSERT INTO public.user_groups (group_id, user_id, accepted) VALUES (3, 0, true);
INSERT INTO public.user_groups (group_id, user_id, accepted) VALUES (4, 0, true);
INSERT INTO public.user_groups (group_id, user_id, accepted) VALUES (5, 0, true);
INSERT INTO public.user_groups (group_id, user_id, accepted) VALUES (6, 0, true);
INSERT INTO public.user_groups (group_id, user_id, accepted) VALUES (7, 0, true);
INSERT INTO public.user_groups (group_id, user_id, accepted) VALUES (8, 0, true);
INSERT INTO public.user_groups (group_id, user_id, accepted) VALUES (98, 4, true);
INSERT INTO public.user_groups (group_id, user_id, accepted) VALUES (98, 5, true);
INSERT INTO public.user_groups (group_id, user_id, accepted) VALUES (98, 6, true);
INSERT INTO public.user_groups (group_id, user_id, accepted) VALUES (98, 7, true);
INSERT INTO public.user_groups (group_id, user_id, accepted) VALUES (98, 8, true);
INSERT INTO public.user_groups (group_id, user_id, accepted) VALUES (12, 0, true);
INSERT INTO public.user_groups (group_id, user_id, accepted) VALUES (13, 0, true);
INSERT INTO public.user_groups (group_id, user_id, accepted) VALUES (151, 151, true);
INSERT INTO public.user_groups (group_id, user_id, accepted) VALUES (201, 201, true);
INSERT INTO public.user_groups (group_id, user_id, accepted) VALUES (202, 202, true);
INSERT INTO public.user_groups (group_id, user_id, accepted) VALUES (203, 1, true);
INSERT INTO public.user_groups (group_id, user_id, accepted) VALUES (204, 203, true);
INSERT INTO public.user_groups (group_id, user_id, accepted) VALUES (251, 1, true);
INSERT INTO public.user_groups (group_id, user_id, accepted) VALUES (252, 1, true);
INSERT INTO public.user_groups (group_id, user_id, accepted) VALUES (253, 251, true);
INSERT INTO public.user_groups (group_id, user_id, accepted) VALUES (203, 251, true);
INSERT INTO public.user_groups (group_id, user_id, accepted) VALUES (251, 202, true);
INSERT INTO public.user_groups (group_id, user_id, accepted) VALUES (203, 202, true);
INSERT INTO public.user_groups (group_id, user_id, accepted) VALUES (252, 251, true);
INSERT INTO public.user_groups (group_id, user_id, accepted) VALUES (254, 252, true);
INSERT INTO public.user_groups (group_id, user_id, accepted) VALUES (255, 1, true);
INSERT INTO public.user_groups (group_id, user_id, accepted) VALUES (256, 253, true);
INSERT INTO public.user_groups (group_id, user_id, accepted) VALUES (251, 203, true);
INSERT INTO public.user_groups (group_id, user_id, accepted) VALUES (203, 203, true);
INSERT INTO public.user_groups (group_id, user_id, accepted) VALUES (203, 151, true);
INSERT INTO public.user_groups (group_id, user_id, accepted) VALUES (251, 151, true);
INSERT INTO public.user_groups (group_id, user_id, accepted) VALUES (257, 254, true);
INSERT INTO public.user_groups (group_id, user_id, accepted) VALUES (203, 254, true);
INSERT INTO public.user_groups (group_id, user_id, accepted) VALUES (258, 255, true);
INSERT INTO public.user_groups (group_id, user_id, accepted) VALUES (259, 256, true);
INSERT INTO public.user_groups (group_id, user_id, accepted) VALUES (252, 256, true);
INSERT INTO public.user_groups (group_id, user_id, accepted) VALUES (203, 256, true);
INSERT INTO public.user_groups (group_id, user_id, accepted) VALUES (260, 257, true);
INSERT INTO public.user_groups (group_id, user_id, accepted) VALUES (251, 257, true);
INSERT INTO public.user_groups (group_id, user_id, accepted) VALUES (203, 257, true);
INSERT INTO public.user_groups (group_id, user_id, accepted) VALUES (261, 258, true);
INSERT INTO public.user_groups (group_id, user_id, accepted) VALUES (252, 258, true);
INSERT INTO public.user_groups (group_id, user_id, accepted) VALUES (203, 258, true);
INSERT INTO public.user_groups (group_id, user_id, accepted) VALUES (255, 254, true);
INSERT INTO public.user_groups (group_id, user_id, accepted) VALUES (252, 254, true);
INSERT INTO public.user_groups (group_id, user_id, accepted) VALUES (251, 254, true);
INSERT INTO public.user_groups (group_id, user_id, accepted) VALUES (251, 14, true);
INSERT INTO public.user_groups (group_id, user_id, accepted) VALUES (203, 14, true);
INSERT INTO public.user_groups (group_id, user_id, accepted) VALUES (255, 201, true);
INSERT INTO public.user_groups (group_id, user_id, accepted) VALUES (252, 201, true);
INSERT INTO public.user_groups (group_id, user_id, accepted) VALUES (203, 201, true);
INSERT INTO public.user_groups (group_id, user_id, accepted) VALUES (301, 301, true);
INSERT INTO public.user_groups (group_id, user_id, accepted) VALUES (252, 253, true);
INSERT INTO public.user_groups (group_id, user_id, accepted) VALUES (255, 253, true);
INSERT INTO public.user_groups (group_id, user_id, accepted) VALUES (203, 253, true);
INSERT INTO public.user_groups (group_id, user_id, accepted) VALUES (251, 256, true);
INSERT INTO public.user_groups (group_id, user_id, accepted) VALUES (203, 255, true);
INSERT INTO public.user_groups (group_id, user_id, accepted) VALUES (252, 255, true);
INSERT INTO public.user_groups (group_id, user_id, accepted) VALUES (251, 255, true);

INSERT INTO public.projects (id, created_at, updated_at, name, owner, description, shared, type, group_id) VALUES (11, '2020-02-15 07:11:22.535000', '2020-02-16 07:11:22.535000', 'test1', 'BulletJournal', null, false, 0, 98);
INSERT INTO public.projects (id, created_at, updated_at, name, owner, description, shared, type, group_id) VALUES (12, '2020-02-15 08:11:22.535000', '2020-02-16 07:11:22.535000', 'test2', 'BulletJournal', null, false, 1, 98);
INSERT INTO public.projects (id, created_at, updated_at, name, owner, description, shared, type, group_id) VALUES (13, '2020-02-15 09:11:22.535000', '2020-02-16 07:11:22.535000', 'test3', 'BulletJournal', null, false, 2, 98);
INSERT INTO public.projects (id, created_at, updated_at, name, owner, description, shared, type, group_id) VALUES (14, '2020-02-15 10:11:22.535000', '2020-02-16 07:11:22.535000', 'test4', 'BulletJournal', null, false, 1, 98);
INSERT INTO public.projects (id, created_at, updated_at, name, owner, description, shared, type, group_id) VALUES (15, '2020-02-15 11:11:22.535000', '2020-02-16 07:11:22.535000', 'test5', 'BulletJournal', null, false, 1, 98);
INSERT INTO public.projects (id, created_at, updated_at, name, owner, description, shared, type, group_id) VALUES (16, '2020-02-16 11:11:22.535000', '2020-02-16 07:11:22.535000', 'test6', 'BulletJournal', null, false, 0, 98);
INSERT INTO public.projects (id, created_at, updated_at, name, owner, description, shared, type, group_id) VALUES (1, '2020-02-15 07:11:22.535000', '2020-02-15 07:11:22.535000', 'P1', 'Scarlet', null, false, 0, 12);
INSERT INTO public.projects (id, created_at, updated_at, name, owner, description, shared, type, group_id) VALUES (2, '2020-02-15 07:11:22.535000', '2020-02-15 07:11:22.535000', 'P2', 'Scarlet', null, false, 1, 12);
INSERT INTO public.projects (id, created_at, updated_at, name, owner, description, shared, type, group_id) VALUES (3, '2020-02-15 07:11:22.535000', '2020-02-15 07:11:22.535000', 'P3', 'Scarlet', null, false, 2, 12);
INSERT INTO public.projects (id, created_at, updated_at, name, owner, description, shared, type, group_id) VALUES (4, '2020-02-15 07:11:22.535000', '2020-02-15 07:11:22.535000', 'P4', 'Scarlet', null, false, 0, 12);
INSERT INTO public.projects (id, created_at, updated_at, name, owner, description, shared, type, group_id) VALUES (5, '2020-02-15 07:11:22.535000', '2020-02-15 07:11:22.535000', 'P5', 'Scarlet', null, false, 0, 12);
INSERT INTO public.projects (id, created_at, updated_at, name, owner, description, shared, type, group_id) VALUES (6, '2020-02-15 07:11:22.535000', '2020-02-15 07:11:22.535000', 'P6', 'Scarlet', null, false, 0, 12);
INSERT INTO public.projects (id, created_at, updated_at, name, owner, description, shared, type, group_id) VALUES (7, '2020-02-15 07:11:22.535000', '2020-02-15 07:11:22.535000', 'P1', 'lsx9981', null, false, 0, 13);
INSERT INTO public.projects (id, created_at, updated_at, name, owner, description, shared, type, group_id) VALUES (8, '2020-02-15 07:11:22.535000', '2020-02-15 07:11:22.535000', 'P1', 'Michael_Zhou', null, false, 2, 14);
INSERT INTO public.projects (id, created_at, updated_at, name, owner, description, shared, type, group_id) VALUES (9, '2020-02-15 07:11:22.535000', '2020-02-15 07:11:22.535000', 'P7', 'Michael_Zhou', 'Chicken Soup', false, 0, 14);
INSERT INTO public.projects (id, created_at, updated_at, name, owner, description, shared, type, group_id) VALUES (151, '2020-05-03 19:52:58.235000', '2020-05-03 19:52:58.235000', 'ttt', 'XXXXX', 'ttt', false, 1, 151);
INSERT INTO public.projects (id, created_at, updated_at, name, owner, description, shared, type, group_id) VALUES (152, '2020-05-03 19:53:16.111000', '2020-05-03 19:53:16.111000', 'aaa', 'XXXXX', 'aaa', false, 2, 151);
INSERT INTO public.projects (id, created_at, updated_at, name, owner, description, shared, type, group_id) VALUES (202, '2020-05-03 23:16:48.468000', '2020-05-03 23:16:48.468000', 'Frontend', 'Xavier', '', false, 0, 252);
INSERT INTO public.projects (id, created_at, updated_at, name, owner, description, shared, type, group_id) VALUES (203, '2020-05-03 23:17:06.127000', '2020-05-03 23:17:06.127000', 'Backend', 'Xavier', '', false, 0, 251);
INSERT INTO public.projects (id, created_at, updated_at, name, owner, description, shared, type, group_id) VALUES (204, '2020-05-03 23:17:25.106000', '2020-05-03 23:17:25.106000', 'Mobile', 'Xavier', '', false, 0, 255);
INSERT INTO public.projects (id, created_at, updated_at, name, owner, description, shared, type, group_id) VALUES (205, '2020-05-03 23:31:40.525000', '2020-05-03 23:31:40.525000', 'Bugs merge project relations', 'XXXXX', 'Accepting invite get error', false, 1, 151);
INSERT INTO public.projects (id, created_at, updated_at, name, owner, description, shared, type, group_id) VALUES (206, '2020-05-03 23:44:13.138000', '2020-05-03 23:44:13.138000', 'AAA', 'XXXXX', 'AAA', false, 1, 151);
INSERT INTO public.projects (id, created_at, updated_at, name, owner, description, shared, type, group_id) VALUES (251, '2020-05-04 04:00:42.101000', '2020-05-04 04:00:42.101000', 'Notebook', 'Xavier', '', false, 1, 1);
INSERT INTO public.projects (id, created_at, updated_at, name, owner, description, shared, type, group_id) VALUES (201, '2020-05-03 23:13:56.923000', '2020-05-04 04:17:51.761000', 'Full Stack Project', 'Xavier', 'notebook keeping, ledger management, task/project management and coordination with speciality in personal organization, scheduling, reminders, to-do lists, notes sharing, multi-person ledger and team project collaboration', false, 0, 203);

INSERT INTO public.user_projects (owner, created_at, updated_at, owned_projects, shared_projects) VALUES ('BulletJournal', '2020-02-18 07:11:22.535000', '2020-02-19 07:11:22.535000', '[{"id":11,"s":[{"id":12,"s":[{"id":13,"s":[]}]},{"id":14,"s":[]}]},{"id":15,"s":[{"id":16,"s":[]}]}]', null);
INSERT INTO public.user_projects (owner, created_at, updated_at, owned_projects, shared_projects) VALUES ('Scarlet', '2020-02-15 07:11:22.535000', '2020-02-15 07:11:22.535000', '[{"id":1,"s":[{"id":2,"s":[{"id":3,"s":[]}]},{"id":4,"s":[]}]},{"id":5,"s":[{"id":6,"s":[]}]}]', null);
INSERT INTO public.user_projects (owner, created_at, updated_at, owned_projects, shared_projects) VALUES ('lsx9981', '2020-02-15 07:11:22.535000', '2020-02-15 07:11:22.535000', '[{"id":7,"s":[]}]', null);
INSERT INTO public.user_projects (owner, created_at, updated_at, owned_projects, shared_projects) VALUES ('Arthas', '2020-05-03 22:45:55.196000', '2020-05-03 22:45:55.196000', null, null);
INSERT INTO public.user_projects (owner, created_at, updated_at, owned_projects, shared_projects) VALUES ('yangming', '2020-05-03 23:13:38.054000', '2020-05-03 23:13:38.054000', null, null);
INSERT INTO public.user_projects (owner, created_at, updated_at, owned_projects, shared_projects) VALUES ('Wang_Xinxin', '2020-05-03 23:15:39.511000', '2020-05-03 23:15:39.511000', null, null);
INSERT INTO public.user_projects (owner, created_at, updated_at, owned_projects, shared_projects) VALUES ('wanismvp', '2020-05-03 23:20:02.512000', '2020-05-03 23:20:02.512000', null, null);
INSERT INTO public.user_projects (owner, created_at, updated_at, owned_projects, shared_projects) VALUES ('Rongkai_Liu', '2020-05-03 23:21:33.493000', '2020-05-03 23:21:33.493000', null, null);
INSERT INTO public.user_projects (owner, created_at, updated_at, owned_projects, shared_projects) VALUES ('Ping_Woo', '2020-05-03 23:24:19.055000', '2020-05-03 23:24:19.055000', null, null);
INSERT INTO public.user_projects (owner, created_at, updated_at, owned_projects, shared_projects) VALUES ('ttt', '2020-05-03 23:36:14.844000', '2020-05-03 23:36:14.844000', null, null);
INSERT INTO public.user_projects (owner, created_at, updated_at, owned_projects, shared_projects) VALUES ('XXXXX', '2020-05-03 19:12:21.687000', '2020-05-03 23:44:13.139000', '[{"id":151,"s":[]},{"id":152,"s":[]},{"id":205,"s":[]},{"id":206,"s":[]}]', null);
INSERT INTO public.user_projects (owner, created_at, updated_at, owned_projects, shared_projects) VALUES ('bamb', '2020-05-04 01:24:55.483000', '2020-05-04 01:24:55.483000', null, null);
INSERT INTO public.user_projects (owner, created_at, updated_at, owned_projects, shared_projects) VALUES ('Michael_Zhou', '2020-05-04 01:58:11.365000', '2020-05-04 01:58:11.365000', null, null);
INSERT INTO public.user_projects (owner, created_at, updated_at, owned_projects, shared_projects) VALUES ('Xavier', '2020-05-03 18:59:10.901000', '2020-05-04 04:00:48.429000', '[{"id":251,"s":[]},{"id":201,"s":[{"id":202,"s":[]},{"id":203,"s":[]},{"id":204,"s":[]}]}]', null);
INSERT INTO public.user_projects (owner, created_at, updated_at, owned_projects, shared_projects) VALUES ('fun_bam', '2020-05-04 04:05:47.963000', '2020-05-04 04:05:47.963000', null, null);

INSERT INTO public.user_project_tasks (project_id, created_at, updated_at, tasks) VALUES (11, '2020-03-31 22:31:08.476000', '2020-03-31 22:31:39.473000', '[{"id":8,"s":[]}]');
INSERT INTO public.user_project_tasks (project_id, created_at, updated_at, tasks) VALUES (204, '2020-05-03 23:26:15.112000', '2020-05-04 05:29:22.742000', '[{"id":152,"s":[]},{"id":212,"s":[]}]');
INSERT INTO public.user_project_tasks (project_id, created_at, updated_at, tasks) VALUES (202, '2020-05-03 23:18:03.006000', '2020-05-04 06:36:06.040000', '[{"id":201,"s":[]},{"id":153,"s":[]},{"id":157,"s":[]},{"id":214,"s":[]}]');
INSERT INTO public.user_project_tasks (project_id, created_at, updated_at, tasks) VALUES (203, '2020-05-03 23:44:08.666000', '2020-05-04 07:11:38.768000', '[{"id":155,"s":[]},{"id":213,"s":[]},{"id":205,"s":[]},{"id":202,"s":[]},{"id":203,"s":[]},{"id":204,"s":[]},{"id":156,"s":[]},{"id":207,"s":[]},{"id":208,"s":[]},{"id":209,"s":[]},{"id":210,"s":[]},{"id":211,"s":[]},{"id":215,"s":[]}]');

INSERT INTO public.user_project_notes (project_id, created_at, updated_at, notes) VALUES (12, '2020-02-18 07:11:22.535000', '2020-02-19 07:11:22.535000', '[{"id":100,"s":[{"id":101,"s":[{"id":102,"s":[]}]},{"id":103,"s":[]}]},{"id":104,"s":[{"id":105,"s":[]}]}]');

INSERT INTO public.transactions (id, created_at, updated_at, name, owner, labels, amount, date, end_time, payer, start_time, time, timezone, transaction_type, project_id) VALUES (0, '2020-02-15 07:11:22.535000', '2020-02-15 07:11:22.535000', 'Payment1', 'Michael_Zhou', null, 1000, '2020-02-20', '2020-02-20 00:00:00.000000', 'Michael_Zhou', '2020-02-20 00:00:00.000000', null, 'America/Los_Angeles', 0, 8);
INSERT INTO public.transactions (id, created_at, updated_at, name, owner, labels, amount, date, end_time, payer, start_time, time, timezone, transaction_type, project_id) VALUES (1, '2020-02-15 07:11:22.535000', '2020-02-15 07:11:22.535000', 'Payment2', 'Michael_Zhou', null, 2000, '2020-02-21', '2020-02-21 00:00:00.000000', 'Michael_Zhou', '2020-02-21 00:00:00.000000', null, 'America/Los_Angeles', 0, 8);
INSERT INTO public.transactions (id, created_at, updated_at, name, owner, labels, amount, date, end_time, payer, start_time, time, timezone, transaction_type, project_id) VALUES (2, '2020-02-15 07:11:22.535000', '2020-02-15 07:11:22.535000', 'Payment3', 'Michael_Zhou', null, 3000, '2020-02-22', '2020-02-22 00:00:00.000000', 'Michael_Zhou', '2020-02-22 00:00:00.000000', null, 'America/Los_Angeles', 1, 8);
INSERT INTO public.transactions (id, created_at, updated_at, name, owner, labels, amount, date, end_time, payer, start_time, time, timezone, transaction_type, project_id) VALUES (3, '2020-02-15 07:11:22.535000', '2020-02-15 07:11:22.535000', 'Payment4', 'Michael_Zhou', null, 4000, '2020-02-22', '2020-02-22 00:00:00.000000', 'Michael_Zhou', '2020-02-22 00:00:00.000000', null, 'America/Los_Angeles', 1, 8);
INSERT INTO public.transactions (id, created_at, updated_at, name, owner, labels, amount, date, end_time, payer, start_time, time, timezone, transaction_type, project_id) VALUES (4, '2020-02-15 07:11:22.535000', '2020-02-15 07:11:22.535000', 'Payment5', 'Michael_Zhou', null, 5000, '2020-02-23', '2020-02-23 00:00:00.000000', 'Michael_Zhou', '2020-02-23 00:00:00.000000', null, 'America/Los_Angeles', 1, 8);
INSERT INTO public.transactions (id, created_at, updated_at, name, owner, labels, amount, date, end_time, payer, start_time, time, timezone, transaction_type, project_id) VALUES (5, '2020-02-10 07:11:22.535000', '2020-02-15 07:11:22.535000', 'Payment6', 'Michael_Zhou', null, 10, '2020-03-10', '2020-03-10 00:00:00.000000', 'Michael_Zhou', '2020-03-10 00:00:00.000000', null, 'America/Los_Angeles', 1, 8);
INSERT INTO public.transactions (id, created_at, updated_at, name, owner, labels, amount, date, end_time, payer, start_time, time, timezone, transaction_type, project_id) VALUES (6, '2020-02-15 07:11:22.535000', '2020-02-15 07:11:22.535000', 'Payment7', 'Michael_Zhou', null, 150000, '2020-03-10', '2020-03-10 00:00:00.000000', 'Michael_Zhou', '2020-03-10 00:00:00.000000', null, 'America/Los_Angeles', 1, 8);
INSERT INTO public.transactions (id, created_at, updated_at, name, owner, labels, amount, date, end_time, payer, start_time, time, timezone, transaction_type, project_id) VALUES (7, '2020-02-10 07:11:22.535000', '2020-02-15 07:11:22.535000', 'Payment7', 'BulletJournal', '{1}', 10, '2020-03-10', '2020-03-10 00:00:00.000000', 'BulletJournal', '2020-03-10 00:00:00.000000', null, 'America/Los_Angeles', 1, 13);
INSERT INTO public.transactions (id, created_at, updated_at, name, owner, labels, amount, date, end_time, payer, start_time, time, timezone, transaction_type, project_id) VALUES (8, '2020-02-15 07:11:22.535000', '2020-02-15 07:11:22.535000', 'Payment8', 'BulletJournal', '{2}', 150000, '2020-03-10', '2020-03-10 00:00:00.000000', 'BulletJournal', '2020-03-10 00:00:00.000000', null, 'America/Los_Angeles', 1, 13);

INSERT INTO public.tasks (id, created_at, updated_at, name, owner, labels, assignees, due_date, due_time, duration, end_time, google_calendar_event_id, recurrence_rule, reminder_before_task, reminder_date, reminder_date_time, reminder_time, start_time, timezone, completed_slots, project_id) VALUES (1, '2020-03-04 23:44:05.000000', '2020-03-04 23:44:08.000000', 'task1', 'Michael_Zhou', null, '{Michael_Zhou}', '2020-03-08', '10:00', 1, '2020-03-08 10:00:00.000000', null, null, 1, '2020-03-08', null, '09:55', '2020-03-08 10:00:00.000000', 'America/Los_Angeles', null, 9);
INSERT INTO public.tasks (id, created_at, updated_at, name, owner, labels, assignees, due_date, due_time, duration, end_time, google_calendar_event_id, recurrence_rule, reminder_before_task, reminder_date, reminder_date_time, reminder_time, start_time, timezone, completed_slots, project_id) VALUES (2, '2020-03-04 23:44:05.000000', '2020-03-04 23:44:08.000000', 'task2', 'Michael_Zhou', null, '{Michael_Zhou}', '2020-03-08', '10:00', 1, '2020-03-08 10:00:00.000000', null, null, 2, '2020-03-08', null, '09:50', '2020-03-08 10:00:00.000000', 'America/Los_Angeles', null, 9);
INSERT INTO public.tasks (id, created_at, updated_at, name, owner, labels, assignees, due_date, due_time, duration, end_time, google_calendar_event_id, recurrence_rule, reminder_before_task, reminder_date, reminder_date_time, reminder_time, start_time, timezone, completed_slots, project_id) VALUES (3, '2020-03-04 23:44:05.000000', '2020-03-04 23:44:08.000000', 'task3', 'Michael_Zhou', null, '{Michael_Zhou}', '2020-03-08', '10:00', 1, '2020-03-08 10:00:00.000000', null, null, 3, '2020-03-08', null, '09:30', '2020-03-08 10:00:00.000000', 'America/Los_Angeles', null, 9);
INSERT INTO public.tasks (id, created_at, updated_at, name, owner, labels, assignees, due_date, due_time, duration, end_time, google_calendar_event_id, recurrence_rule, reminder_before_task, reminder_date, reminder_date_time, reminder_time, start_time, timezone, completed_slots, project_id) VALUES (4, '2020-03-04 23:44:05.000000', '2020-03-04 23:44:08.000000', 'task4', 'Michael_Zhou', null, '{Michael_Zhou}', '2020-03-08', '10:00', 1, '2020-03-08 10:00:00.000000', null, null, 1, '2020-03-08', null, '09:55', '2020-03-08 10:00:00.000000', 'America/Los_Angeles', null, 9);
INSERT INTO public.tasks (id, created_at, updated_at, name, owner, labels, assignees, due_date, due_time, duration, end_time, google_calendar_event_id, recurrence_rule, reminder_before_task, reminder_date, reminder_date_time, reminder_time, start_time, timezone, completed_slots, project_id) VALUES (5, '2020-03-04 23:44:05.000000', '2020-03-04 23:44:08.000000', 'task5', 'Michael_Zhou', null, '{Michael_Zhou}', '2020-03-08', '10:00', 1, '2020-03-08 10:00:00.000000', null, null, 1, '2020-03-08', null, '09:55', '2020-03-08 10:00:00.000000', 'America/Los_Angeles', null, 9);
INSERT INTO public.tasks (id, created_at, updated_at, name, owner, labels, assignees, due_date, due_time, duration, end_time, google_calendar_event_id, recurrence_rule, reminder_before_task, reminder_date, reminder_date_time, reminder_time, start_time, timezone, completed_slots, project_id) VALUES (6, '2020-03-04 23:44:05.000000', '2020-03-04 23:44:08.000000', 'task6', 'Michael_Zhou', null, '{Michael_Zhou}', '2020-03-10', '10:00', 1, '2020-03-10 10:00:00.000000', null, null, 1, '2020-03-08', null, '09:55', '2020-03-10 10:00:00.000000', 'America/Los_Angeles', null, 9);
INSERT INTO public.tasks (id, created_at, updated_at, name, owner, labels, assignees, due_date, due_time, duration, end_time, google_calendar_event_id, recurrence_rule, reminder_before_task, reminder_date, reminder_date_time, reminder_time, start_time, timezone, completed_slots, project_id) VALUES (7, '2020-03-04 23:44:05.000000', '2020-03-04 23:44:08.000000', 'task7', 'Michael_Zhou', null, '{Michael_Zhou}', '2020-03-10', '10:00', 1, '2020-03-10 10:00:00.000000', null, null, 1, '2020-03-08', null, '09:55', '2020-03-10 10:00:00.000000', 'America/Los_Angeles', null, 9);
INSERT INTO public.tasks (id, created_at, updated_at, name, owner, labels, assignees, due_date, due_time, duration, end_time, google_calendar_event_id, recurrence_rule, reminder_before_task, reminder_date, reminder_date_time, reminder_time, start_time, timezone, completed_slots, project_id) VALUES (8, '2020-03-04 23:44:05.000000', '2020-03-04 23:44:08.000000', 'task8', 'BulletJournal', '{1,2}', '{BulletJournal}', '2020-03-10', '10:00', 1, '2020-03-10 10:00:00.000000', null, null, 1, '2020-03-08', null, '09:55', '2020-03-10 10:00:00.000000', 'America/Los_Angeles', null, 11);
INSERT INTO public.tasks (id, created_at, updated_at, name, owner, labels, assignees, due_date, due_time, duration, end_time, google_calendar_event_id, recurrence_rule, reminder_before_task, reminder_date, reminder_date_time, reminder_time, start_time, timezone, completed_slots, project_id) VALUES (156, '2020-05-04 02:14:42.601000', '2020-05-04 04:54:26.298000', 'recent items', 'Xavier', null, '{bamb}', null, null, null, null, null, null, 6, null, null, null, null, 'America/Los_Angeles', '', 203);
INSERT INTO public.tasks (id, created_at, updated_at, name, owner, labels, assignees, due_date, due_time, duration, end_time, google_calendar_event_id, recurrence_rule, reminder_before_task, reminder_date, reminder_date_time, reminder_time, start_time, timezone, completed_slots, project_id) VALUES (152, '2020-05-03 23:26:15.105000', '2020-05-03 23:26:15.105000', 'user setting page', 'Xavier', null, '{Ping_Woo}', null, null, null, null, null, null, 6, null, null, null, null, 'America/Los_Angeles', null, 204);
INSERT INTO public.tasks (id, created_at, updated_at, name, owner, labels, assignees, due_date, due_time, duration, end_time, google_calendar_event_id, recurrence_rule, reminder_before_task, reminder_date, reminder_date_time, reminder_time, start_time, timezone, completed_slots, project_id) VALUES (153, '2020-05-03 23:32:07.323000', '2020-05-03 23:32:12.886000', 'white screen bug', 'Xavier', '{152}', '{Xavier}', null, null, null, null, null, null, 6, null, null, null, null, 'America/Los_Angeles', null, 202);
INSERT INTO public.tasks (id, created_at, updated_at, name, owner, labels, assignees, due_date, due_time, duration, end_time, google_calendar_event_id, recurrence_rule, reminder_before_task, reminder_date, reminder_date_time, reminder_time, start_time, timezone, completed_slots, project_id) VALUES (201, '2020-05-04 02:25:47.027000', '2020-05-04 02:49:16.737000', 'You''ve got new notifications bug', 'Xavier', null, '{yangming}', null, null, null, null, null, null, 6, null, null, null, null, 'America/Los_Angeles', '', 202);
INSERT INTO public.tasks (id, created_at, updated_at, name, owner, labels, assignees, due_date, due_time, duration, end_time, google_calendar_event_id, recurrence_rule, reminder_before_task, reminder_date, reminder_date_time, reminder_time, start_time, timezone, completed_slots, project_id) VALUES (202, '2020-05-04 02:49:25.473000', '2020-05-04 02:57:18.291000', 'Elastic Search Schema', 'Michael_Zhou', '{151}', '{Michael_Zhou}', null, null, null, null, null, null, 6, null, null, null, null, 'America/Los_Angeles', null, 203);
INSERT INTO public.tasks (id, created_at, updated_at, name, owner, labels, assignees, due_date, due_time, duration, end_time, google_calendar_event_id, recurrence_rule, reminder_before_task, reminder_date, reminder_date_time, reminder_time, start_time, timezone, completed_slots, project_id) VALUES (203, '2020-05-04 02:51:03.634000', '2020-05-04 02:57:27.929000', 'Content Indexing', 'Michael_Zhou', '{151}', '{Michael_Zhou}', null, null, null, null, null, null, 6, null, null, null, null, 'America/Los_Angeles', null, 203);
INSERT INTO public.tasks (id, created_at, updated_at, name, owner, labels, assignees, due_date, due_time, duration, end_time, google_calendar_event_id, recurrence_rule, reminder_before_task, reminder_date, reminder_date_time, reminder_time, start_time, timezone, completed_slots, project_id) VALUES (204, '2020-05-04 02:53:25.657000', '2020-05-04 02:57:33.981000', 'ProjectItem  Object Retrieval', 'Michael_Zhou', '{151}', '{Michael_Zhou}', null, null, null, null, null, null, 6, null, null, null, null, 'America/Los_Angeles', null, 203);
INSERT INTO public.tasks (id, created_at, updated_at, name, owner, labels, assignees, due_date, due_time, duration, end_time, google_calendar_event_id, recurrence_rule, reminder_before_task, reminder_date, reminder_date_time, reminder_time, start_time, timezone, completed_slots, project_id) VALUES (211, '2020-05-04 05:21:14.161000', '2020-05-04 05:22:43.289000', 'show project operations history', 'Xavier', null, '{Xavier}', null, null, null, null, null, null, 6, null, null, null, null, 'America/Los_Angeles', '', 203);
INSERT INTO public.tasks (id, created_at, updated_at, name, owner, labels, assignees, due_date, due_time, duration, end_time, google_calendar_event_id, recurrence_rule, reminder_before_task, reminder_date, reminder_date_time, reminder_time, start_time, timezone, completed_slots, project_id) VALUES (155, '2020-05-04 00:02:06.210000', '2020-05-04 07:09:19.936000', 'Reminding task add buffer 10 min', 'Xavier', null, '{Michael_Zhou}', null, null, null, null, null, null, 6, null, null, null, null, 'America/Los_Angeles', null, 203);
INSERT INTO public.tasks (id, created_at, updated_at, name, owner, labels, assignees, due_date, due_time, duration, end_time, google_calendar_event_id, recurrence_rule, reminder_before_task, reminder_date, reminder_date_time, reminder_time, start_time, timezone, completed_slots, project_id) VALUES (207, '2020-05-04 03:42:00.604000', '2020-05-04 03:42:00.604000', 'Google Calendar Watch Token Auto-Renew', 'Xavier', null, '{wanismvp}', null, null, null, null, null, null, 6, null, null, null, null, 'America/Los_Angeles', null, 203);
INSERT INTO public.tasks (id, created_at, updated_at, name, owner, labels, assignees, due_date, due_time, duration, end_time, google_calendar_event_id, recurrence_rule, reminder_before_task, reminder_date, reminder_date_time, reminder_time, start_time, timezone, completed_slots, project_id) VALUES (208, '2020-05-04 03:43:02.337000', '2020-05-04 03:43:29.713000', 'Project Item filter by assignee/payer', 'Xavier', null, '{Xavier}', null, null, null, null, null, null, 6, null, null, null, null, 'America/Los_Angeles', '', 203);
INSERT INTO public.tasks (id, created_at, updated_at, name, owner, labels, assignees, due_date, due_time, duration, end_time, google_calendar_event_id, recurrence_rule, reminder_before_task, reminder_date, reminder_date_time, reminder_time, start_time, timezone, completed_slots, project_id) VALUES (209, '2020-05-04 03:56:36.272000', '2020-05-04 03:56:46.404000', 'Add missing index and remove annotation in model', 'Xavier', '{202}', '{Arthas}', null, null, null, null, null, null, 6, null, null, null, null, 'America/Los_Angeles', null, 203);
INSERT INTO public.tasks (id, created_at, updated_at, name, owner, labels, assignees, due_date, due_time, duration, end_time, google_calendar_event_id, recurrence_rule, reminder_before_task, reminder_date, reminder_date_time, reminder_time, start_time, timezone, completed_slots, project_id) VALUES (210, '2020-05-04 03:57:37.041000', '2020-05-04 03:57:44.051000', 'optimize sql for task assignee query and label', 'Xavier', '{202}', '{Arthas}', null, null, null, null, null, null, 6, null, null, null, null, 'America/Los_Angeles', null, 203);
INSERT INTO public.tasks (id, created_at, updated_at, name, owner, labels, assignees, due_date, due_time, duration, end_time, google_calendar_event_id, recurrence_rule, reminder_before_task, reminder_date, reminder_date_time, reminder_time, start_time, timezone, completed_slots, project_id) VALUES (157, '2020-05-04 02:14:58.138000', '2020-05-04 04:54:02.952000', 'recent items', 'Xavier', null, '{bamb}', null, null, null, null, null, null, 6, null, null, null, null, 'America/Los_Angeles', '', 202);
INSERT INTO public.tasks (id, created_at, updated_at, name, owner, labels, assignees, due_date, due_time, duration, end_time, google_calendar_event_id, recurrence_rule, reminder_before_task, reminder_date, reminder_date_time, reminder_time, start_time, timezone, completed_slots, project_id) VALUES (205, '2020-05-04 02:58:29.013000', '2020-05-04 05:29:50.095000', 'Discuss What to Do Next', 'Xavier', '{201,151}', '{Xavier,Michael_Zhou,XXXXX,wanismvp,Bai_Bai}', '2020-05-04', '19:00', null, '2020-05-05 02:00:00.000000', null, null, 1, null, '2020-05-05 01:55:00.000000', null, '2020-05-05 02:00:00.000000', 'America/Los_Angeles', '', 203);
INSERT INTO public.tasks (id, created_at, updated_at, name, owner, labels, assignees, due_date, due_time, duration, end_time, google_calendar_event_id, recurrence_rule, reminder_before_task, reminder_date, reminder_date_time, reminder_time, start_time, timezone, completed_slots, project_id) VALUES (215, '2020-05-04 07:11:38.767000', '2020-05-04 07:11:38.767000', 'Task status? In progress, started', 'Xavier', null, '{Xavier}', null, null, null, null, null, null, 6, null, null, null, null, 'America/Los_Angeles', null, 203);
INSERT INTO public.tasks (id, created_at, updated_at, name, owner, labels, assignees, due_date, due_time, duration, end_time, google_calendar_event_id, recurrence_rule, reminder_before_task, reminder_date, reminder_date_time, reminder_time, start_time, timezone, completed_slots, project_id) VALUES (212, '2020-05-04 05:29:22.741000', '2020-05-04 05:33:37.001000', 'Discuss What to Do Next', 'Xavier', '{201}', '{Xavier,Ping_Woo,Rongkai_Liu}', '2020-05-04', '20:30', null, '2020-05-05 03:30:00.000000', null, null, 1, null, '2020-05-05 03:25:00.000000', null, '2020-05-05 03:30:00.000000', 'America/Los_Angeles', '', 204);
INSERT INTO public.tasks (id, created_at, updated_at, name, owner, labels, assignees, due_date, due_time, duration, end_time, google_calendar_event_id, recurrence_rule, reminder_before_task, reminder_date, reminder_date_time, reminder_time, start_time, timezone, completed_slots, project_id) VALUES (213, '2020-05-04 05:39:37.351000', '2020-05-04 07:22:34.155000', 'Labels used in project should be available to use', 'Xavier', null, '{Michael_Zhou}', null, null, null, null, null, null, 6, null, null, null, null, 'America/Los_Angeles', '', 203);
INSERT INTO public.tasks (id, created_at, updated_at, name, owner, labels, assignees, due_date, due_time, duration, end_time, google_calendar_event_id, recurrence_rule, reminder_before_task, reminder_date, reminder_date_time, reminder_time, start_time, timezone, completed_slots, project_id) VALUES (214, '2020-05-04 06:36:06.039000', '2020-05-04 06:36:06.039000', 'Labels used in project should be available to use', 'Xavier', null, '{Xavier}', null, null, null, null, null, null, 6, null, null, null, null, 'America/Los_Angeles', null, 202);

INSERT INTO public.task_contents (id, created_at, updated_at, base_text, owner, revisions, text, task_id) VALUES (251, '2020-05-04 02:26:46.825000', '2020-05-04 02:26:46.825000', '<p>When answer notification, etag changed</p><p>Need to determine there is new notification item and then show up</p>', 'Xavier', '[{"id":1,"diff":"","createdAt":1588559206813,"user":"Xavier"}]', '<p>When answer notification, etag changed</p><p>Need to determine there is new notification item and then show up</p>', 201);
INSERT INTO public.task_contents (id, created_at, updated_at, base_text, owner, revisions, text, task_id) VALUES (252, '2020-05-04 03:42:14.850000', '2020-05-04 03:42:14.850000', '<p>Currently it is one month</p>', 'Xavier', '[{"id":1,"diff":"","createdAt":1588563734848,"user":"Xavier"}]', '<p>Currently it is one month</p>', 207);
INSERT INTO public.task_contents (id, created_at, updated_at, base_text, owner, revisions, text, task_id) VALUES (253, '2020-05-04 03:58:26.550000', '2020-05-04 03:58:26.550000', '<p><a href="https://stackoverflow.com/questions/4058731/can-postgresql-index-array-columns" target="_blank">https://stackoverflow.com/questions/4058731/can-postgresql-index-array-columns</a></p>', 'Xavier', '[{"id":1,"diff":"","createdAt":1588564706550,"user":"Xavier"}]', '<p><a href="https://stackoverflow.com/questions/4058731/can-postgresql-index-array-columns" target="_blank">https://stackoverflow.com/questions/4058731/can-postgresql-index-array-columns</a></p>', 210);
INSERT INTO public.task_contents (id, created_at, updated_at, base_text, owner, revisions, text, task_id) VALUES (254, '2020-05-04 05:20:36.869000', '2020-05-04 05:20:36.869000', '<p>should be cache problem</p>', 'Xavier', '[{"id":1,"diff":"","createdAt":1588569636869,"user":"Xavier"}]', '<p>should be cache problem</p>', 153);
INSERT INTO public.task_contents (id, created_at, updated_at, base_text, owner, revisions, text, task_id) VALUES (255, '2020-05-04 05:22:48.617000', '2020-05-04 05:22:48.617000', '<p>Allow project user to update/delete item - track operations done by whom</p>', 'Xavier', '[{"id":1,"diff":"","createdAt":1588569768616,"user":"Xavier"}]', '<p>Allow project user to update/delete item - track operations done by whom</p>', 211);
INSERT INTO public.task_contents (id, created_at, updated_at, base_text, owner, revisions, text, task_id) VALUES (256, '2020-05-04 05:23:23.168000', '2020-05-04 05:23:23.168000', '<p>need a history page</p>', 'Xavier', '[{"id":1,"diff":"","createdAt":1588569803168,"user":"Xavier"}]', '<p>need a history page</p>', 211);
INSERT INTO public.task_contents (id, created_at, updated_at, base_text, owner, revisions, text, task_id) VALUES (257, '2020-05-04 05:43:43.755000', '2020-05-04 05:43:43.755000', '<p><span style="color:#808000">@GetMapping</span>(<strong><em><span style="color:#660e7a">LABELS_ROUTE</span></em></strong>)<br/><strong><span style="color:#000080">public </span></strong>ResponseEntity&lt;List&lt;Label&gt;&gt; getLabels(<br/>        <span style="color:#808000">@RequestParam</span>(name = <strong><span style="color:#008000">&quot;projectId&quot;</span></strong>, required = <strong><span style="color:#000080">false</span></strong>) Long projectId) {<br/>    String username = MDC.<em>get</em>(UserClient.<strong><em><span style="color:#660e7a">USER_NAME_KEY</span></em></strong>);<br/>    List&lt;Label&gt; labels = <strong><span style="color:#000080">this</span></strong>.<strong><span style="color:#660e7a">labelDaoJpa</span></strong>.getLabels(username)<br/>            .stream().map(label -&gt; label.toPresentationModel())<br/>            .collect(Collectors.<em>toList</em>());<br/>    String labelsEtag = EtagGenerator.<em>generateEtag</em>(EtagGenerator.HashAlgorithm.<strong><em><span style="color:#660e7a">MD5</span></em></strong>,<br/>            EtagGenerator.HashType.<strong><em><span style="color:#660e7a">TO_HASHCODE</span></em></strong>,<br/>            labels);<br/><br/>    HttpHeaders responseHeader = <strong><span style="color:#000080">new </span></strong>HttpHeaders();<br/>    responseHeader.setETag(labelsEtag);<br/>    <strong><span style="color:#000080">return </span></strong>ResponseEntity.<em>ok</em>().headers(responseHeader).body(labels);<br/>}</p>', 'Xavier', '[{"id":1,"diff":"","createdAt":1588571023754,"user":"Xavier"}]', '<p><span style="color:#808000">@GetMapping</span>(<strong><em><span style="color:#660e7a">LABELS_ROUTE</span></em></strong>)<br/><strong><span style="color:#000080">public </span></strong>ResponseEntity&lt;List&lt;Label&gt;&gt; getLabels(<br/>        <span style="color:#808000">@RequestParam</span>(name = <strong><span style="color:#008000">&quot;projectId&quot;</span></strong>, required = <strong><span style="color:#000080">false</span></strong>) Long projectId) {<br/>    String username = MDC.<em>get</em>(UserClient.<strong><em><span style="color:#660e7a">USER_NAME_KEY</span></em></strong>);<br/>    List&lt;Label&gt; labels = <strong><span style="color:#000080">this</span></strong>.<strong><span style="color:#660e7a">labelDaoJpa</span></strong>.getLabels(username)<br/>            .stream().map(label -&gt; label.toPresentationModel())<br/>            .collect(Collectors.<em>toList</em>());<br/>    String labelsEtag = EtagGenerator.<em>generateEtag</em>(EtagGenerator.HashAlgorithm.<strong><em><span style="color:#660e7a">MD5</span></em></strong>,<br/>            EtagGenerator.HashType.<strong><em><span style="color:#660e7a">TO_HASHCODE</span></em></strong>,<br/>            labels);<br/><br/>    HttpHeaders responseHeader = <strong><span style="color:#000080">new </span></strong>HttpHeaders();<br/>    responseHeader.setETag(labelsEtag);<br/>    <strong><span style="color:#000080">return </span></strong>ResponseEntity.<em>ok</em>().headers(responseHeader).body(labels);<br/>}</p>', 213);
INSERT INTO public.task_contents (id, created_at, updated_at, base_text, owner, revisions, text, task_id) VALUES (258, '2020-05-04 06:32:23.385000', '2020-05-04 06:32:23.385000', '<p><a href="https://blog.jooq.org/2017/02/10/beautiful-sql-lateral-unnesting-of-array-columns/" target="_blank">https://blog.jooq.org/2017/02/10/beautiful-sql-lateral-unnesting-of-array-columns/</a></p>', 'Xavier', '[{"id":1,"diff":"","createdAt":1588573943384,"user":"Xavier"}]', '<p><a href="https://blog.jooq.org/2017/02/10/beautiful-sql-lateral-unnesting-of-array-columns/" target="_blank">https://blog.jooq.org/2017/02/10/beautiful-sql-lateral-unnesting-of-array-columns/</a></p>', 213);
INSERT INTO public.task_contents (id, created_at, updated_at, base_text, owner, revisions, text, task_id) VALUES (259, '2020-05-04 06:58:12.015000', '2020-05-04 06:58:12.015000', '<p><a href="https://stackoverflow.com/questions/47478621/select-distinct-array-values-from-postgresql-table" target="_blank">https://stackoverflow.com/questions/47478621/select-distinct-array-values-from-postgresql-table</a></p>', 'Xavier', '[{"id":1,"diff":"","createdAt":1588575492015,"user":"Xavier"}]', '<p><a href="https://stackoverflow.com/questions/47478621/select-distinct-array-values-from-postgresql-table" target="_blank">https://stackoverflow.com/questions/47478621/select-distinct-array-values-from-postgresql-table</a></p>', 213);

INSERT INTO public.completed_tasks (id, created_at, updated_at, name, owner, labels, assignees, due_date, due_time, duration, end_time, google_calendar_event_id, recurrence_rule, reminder_before_task, reminder_date, reminder_date_time, reminder_time, start_time, timezone, contents, project_id) VALUES (6, '2020-03-04 23:44:05.000000', '2020-03-04 23:44:08.000000', 'task5', 'Michael_Zhou', null, null, '2020-03-08', '10:00', 1, '2020-03-08 10:00:00.000000', null, null, 1, '2020-03-08', null, '09:55', '2020-03-08 10:00:00.000000', 'America/Los_Angeles', null, 9);
INSERT INTO public.completed_tasks (id, created_at, updated_at, name, owner, labels, assignees, due_date, due_time, duration, end_time, google_calendar_event_id, recurrence_rule, reminder_before_task, reminder_date, reminder_date_time, reminder_time, start_time, timezone, contents, project_id) VALUES (7, '2020-03-04 23:44:05.000000', '2020-03-04 23:44:08.000000', 'task6', 'Michael_Zhou', null, null, '2020-03-08', '10:00', 1, '2020-03-08 10:00:00.000000', null, null, 1, '2020-03-08', null, '09:55', '2020-03-08 10:00:00.000000', 'America/Los_Angeles', null, 9);
INSERT INTO public.completed_tasks (id, created_at, updated_at, name, owner, labels, assignees, due_date, due_time, duration, end_time, google_calendar_event_id, recurrence_rule, reminder_before_task, reminder_date, reminder_date_time, reminder_time, start_time, timezone, contents, project_id) VALUES (8, '2020-03-04 23:44:05.000000', '2020-03-04 23:44:08.000000', 'task7', 'Michael_Zhou', null, null, '2020-03-08', '10:00', 1, '2020-03-08 10:00:00.000000', null, null, 1, '2020-03-08', null, '09:55', '2020-03-08 10:00:00.000000', 'America/Los_Angeles', null, 9);
INSERT INTO public.completed_tasks (id, created_at, updated_at, name, owner, labels, assignees, due_date, due_time, duration, end_time, google_calendar_event_id, recurrence_rule, reminder_before_task, reminder_date, reminder_date_time, reminder_time, start_time, timezone, contents, project_id) VALUES (100, '2020-05-04 01:58:58.857000', '2020-05-04 01:58:58.857000', 'User not seeing shared BuJo', 'Xavier', '{152}', '{Xavier,Michael_Zhou}', null, null, null, null, null, null, 6, null, null, null, null, 'America/Los_Angeles', '[]', 203);
INSERT INTO public.completed_tasks (id, created_at, updated_at, name, owner, labels, assignees, due_date, due_time, duration, end_time, google_calendar_event_id, recurrence_rule, reminder_before_task, reminder_date, reminder_date_time, reminder_time, start_time, timezone, contents, project_id) VALUES (101, '2020-05-04 02:13:24.265000', '2020-05-04 02:13:24.265000', 'Accept group join invitation but page not refreshing', 'Xavier', '{152}', '{yangming}', null, null, null, null, null, null, 6, null, null, null, null, 'America/Los_Angeles', '[]', 202);
INSERT INTO public.completed_tasks (id, created_at, updated_at, name, owner, labels, assignees, due_date, due_time, duration, end_time, google_calendar_event_id, recurrence_rule, reminder_before_task, reminder_date, reminder_date_time, reminder_time, start_time, timezone, contents, project_id) VALUES (151, '2020-05-04 04:58:18.220000', '2020-05-04 04:58:18.220000', 'Google Calendar Watch Event', 'Xavier', null, '{wanismvp}', null, null, null, null, null, null, 6, null, null, null, null, 'America/Los_Angeles', '[]', 203);

INSERT INTO public.notes (id, created_at, updated_at, name, owner, labels, project_id) VALUES (100, '2020-02-15 07:11:22.535000', '2020-02-15 07:11:22.535000', 'Note1', 'BulletJournal', '{1,2}', 12);
INSERT INTO public.notes (id, created_at, updated_at, name, owner, labels, project_id) VALUES (101, '2020-02-16 07:11:22.535000', '2020-02-17 08:11:22.535000', 'Note12', 'BulletJournal', '{1,2}', 12);
INSERT INTO public.notes (id, created_at, updated_at, name, owner, labels, project_id) VALUES (102, '2020-02-17 07:11:22.535000', '2020-02-18 08:11:22.535000', 'Note13', 'BulletJournal', '{1,2}', 12);
INSERT INTO public.notes (id, created_at, updated_at, name, owner, labels, project_id) VALUES (103, '2020-02-18 07:11:22.535000', '2020-02-19 08:11:22.535000', 'Note14', 'BulletJournal', '{1,2}', 12);
INSERT INTO public.notes (id, created_at, updated_at, name, owner, labels, project_id) VALUES (104, '2020-02-19 07:11:22.535000', '2020-02-20 08:11:22.535000', 'Note15', 'BulletJournal', '{1,2}', 12);
INSERT INTO public.notes (id, created_at, updated_at, name, owner, labels, project_id) VALUES (105, '2020-02-20 07:11:22.535000', '2020-02-21 08:11:22.535000', 'Note16', 'BulletJournal', '{1,2}', 12);

INSERT INTO public.labels (id, created_at, updated_at, name, owner, icon) VALUES (1, '2020-03-15 19:17:15.787000', '2020-03-15 19:17:15.787000', 'Frontend', 'BulletJournal', 'StarTwoTone');
INSERT INTO public.labels (id, created_at, updated_at, name, owner, icon) VALUES (2, '2020-03-15 19:17:21.393000', '2020-03-15 19:17:21.393000', 'Backend', 'BulletJournal', 'FastForwardOutlined');
INSERT INTO public.labels (id, created_at, updated_at, name, owner, icon) VALUES (151, '2020-05-03 23:12:28.155000', '2020-05-03 23:12:28.155000', 'ELK', 'Xavier', 'EyeTwoTone');
INSERT INTO public.labels (id, created_at, updated_at, name, owner, icon) VALUES (152, '2020-05-03 23:16:13.045000', '2020-05-03 23:16:13.045000', 'Bug', 'Xavier', 'ExclamationCircleOutlined');
INSERT INTO public.labels (id, created_at, updated_at, name, owner, icon) VALUES (153, '2020-05-03 23:21:54.485000', '2020-05-03 23:21:54.485000', 'Admin Page', 'Xavier', 'UserSwitchOutlined');
INSERT INTO public.labels (id, created_at, updated_at, name, owner, icon) VALUES (154, '2020-05-03 23:23:19.995000', '2020-05-03 23:23:19.995000', 'Punch Card', 'Xavier', 'ClockCircleOutlined');
INSERT INTO public.labels (id, created_at, updated_at, name, owner, icon) VALUES (201, '2020-05-04 02:56:54.335000', '2020-05-04 02:56:54.335000', 'meeting', 'Xavier', 'TeamOutlined');
INSERT INTO public.labels (id, created_at, updated_at, name, owner, icon) VALUES (202, '2020-05-04 03:56:04.549000', '2020-05-04 03:56:04.549000', 'database', 'Xavier', 'DatabaseOutlined');

INSERT INTO public.notifications (id, created_at, updated_at, actions, content, content_id, link, originator, target_user, title, type) VALUES (201, '2020-05-03 23:10:22.288000', '2020-05-03 23:10:22.288000', null, null, 1, null, 'Xavier', 'BulletJournal', 'Xavier removed you from Group Default', 'RemoveUserFromGroupEvent');
INSERT INTO public.notifications (id, created_at, updated_at, actions, content, content_id, link, originator, target_user, title, type) VALUES (207, '2020-05-03 23:13:56.596000', '2020-05-03 23:13:56.596000', null, null, 203, '/groups/group203', 'yangming', 'Xavier', 'yangming accepted your invitation to join Group Full Stack Devs', 'JoinGroupResponseEvent');
INSERT INTO public.notifications (id, created_at, updated_at, actions, content, content_id, link, originator, target_user, title, type) VALUES (208, '2020-05-03 23:13:56.942000', '2020-05-03 23:13:56.942000', null, null, 201, '/projects/201', 'Xavier', 'wanismvp', 'Xavier created Project Full Stack Project', 'CreateProjectEvent');
INSERT INTO public.notifications (id, created_at, updated_at, actions, content, content_id, link, originator, target_user, title, type) VALUES (209, '2020-05-03 23:13:56.942000', '2020-05-03 23:13:56.942000', null, null, 201, '/projects/201', 'Xavier', 'yangming', 'Xavier created Project Full Stack Project', 'CreateProjectEvent');
INSERT INTO public.notifications (id, created_at, updated_at, actions, content, content_id, link, originator, target_user, title, type) VALUES (210, '2020-05-03 23:13:56.942000', '2020-05-03 23:13:56.942000', null, null, 201, '/projects/201', 'Xavier', 'Arthas', 'Xavier created Project Full Stack Project', 'CreateProjectEvent');
INSERT INTO public.notifications (id, created_at, updated_at, actions, content, content_id, link, originator, target_user, title, type) VALUES (211, '2020-05-03 23:13:56.942000', '2020-05-03 23:13:56.942000', null, null, 201, '/projects/201', 'Xavier', 'Michael_Zhou', 'Xavier created Project Full Stack Project', 'CreateProjectEvent');
INSERT INTO public.notifications (id, created_at, updated_at, actions, content, content_id, link, originator, target_user, title, type) VALUES (212, '2020-05-03 23:14:36.671000', '2020-05-03 23:14:36.671000', null, null, 251, '/groups/group251', 'Arthas', 'Xavier', 'Arthas accepted your invitation to join Group Backend Devs', 'JoinGroupResponseEvent');
INSERT INTO public.notifications (id, created_at, updated_at, actions, content, content_id, link, originator, target_user, title, type) VALUES (213, '2020-05-03 23:14:54.081000', '2020-05-03 23:14:54.081000', null, null, 203, '/groups/group203', 'Arthas', 'Xavier', 'Arthas accepted your invitation to join Group Full Stack Devs', 'JoinGroupResponseEvent');
INSERT INTO public.notifications (id, created_at, updated_at, actions, content, content_id, link, originator, target_user, title, type) VALUES (214, '2020-05-03 23:15:04.449000', '2020-05-03 23:15:04.449000', null, null, 252, '/groups/group252', 'yangming', 'Xavier', 'yangming accepted your invitation to join Group Frontend Devs', 'JoinGroupResponseEvent');
INSERT INTO public.notifications (id, created_at, updated_at, actions, content, content_id, link, originator, target_user, title, type) VALUES (215, '2020-05-03 23:16:48.478000', '2020-05-03 23:16:48.478000', null, null, 202, '/projects/202', 'Xavier', 'yangming', 'Xavier created Project Frontend', 'CreateProjectEvent');
INSERT INTO public.notifications (id, created_at, updated_at, actions, content, content_id, link, originator, target_user, title, type) VALUES (216, '2020-05-03 23:17:06.137000', '2020-05-03 23:17:06.137000', null, null, 203, '/projects/203', 'Xavier', 'wanismvp', 'Xavier created Project Backend', 'CreateProjectEvent');
INSERT INTO public.notifications (id, created_at, updated_at, actions, content, content_id, link, originator, target_user, title, type) VALUES (217, '2020-05-03 23:17:06.137000', '2020-05-03 23:17:06.137000', null, null, 203, '/projects/203', 'Xavier', 'Arthas', 'Xavier created Project Backend', 'CreateProjectEvent');
INSERT INTO public.notifications (id, created_at, updated_at, actions, content, content_id, link, originator, target_user, title, type) VALUES (218, '2020-05-03 23:17:06.138000', '2020-05-03 23:17:06.138000', null, null, 203, '/projects/203', 'Xavier', 'Michael_Zhou', 'Xavier created Project Backend', 'CreateProjectEvent');
INSERT INTO public.notifications (id, created_at, updated_at, actions, content, content_id, link, originator, target_user, title, type) VALUES (219, '2020-05-03 23:18:08.884000', '2020-05-03 23:18:08.884000', null, null, 151, '/task/151', 'Xavier', 'yangming', 'Xavier updated labels for TASK Accept group join invitation but page not refreshing', 'SetLabelEvent');
INSERT INTO public.notifications (id, created_at, updated_at, actions, content, content_id, link, originator, target_user, title, type) VALUES (221, '2020-05-03 23:20:07.877000', '2020-05-03 23:20:07.877000', null, null, 251, '/groups/group251', 'wanismvp', 'Xavier', 'wanismvp accepted your invitation to join Group Backend Devs', 'JoinGroupResponseEvent');
INSERT INTO public.notifications (id, created_at, updated_at, actions, content, content_id, link, originator, target_user, title, type) VALUES (226, '2020-05-03 23:21:57.501000', '2020-05-03 23:21:57.501000', null, null, 203, '/groups/group203', 'wanismvp', 'Xavier', 'wanismvp accepted your invitation to join Group Full Stack Devs', 'JoinGroupResponseEvent');
INSERT INTO public.notifications (id, created_at, updated_at, actions, content, content_id, link, originator, target_user, title, type) VALUES (227, '2020-05-03 23:23:20.411000', '2020-05-03 23:23:20.411000', null, null, 203, '/groups/group203', 'XXXXX', 'Xavier', 'XXXXX accepted your invitation to join Group Full Stack Devs', 'JoinGroupResponseEvent');
INSERT INTO public.notifications (id, created_at, updated_at, actions, content, content_id, link, originator, target_user, title, type) VALUES (230, '2020-05-03 23:25:10.898000', '2020-05-03 23:25:10.898000', null, null, 251, '/groups/group251', 'XXXXX', 'Xavier', 'XXXXX accepted your invitation to join Group Backend Devs', 'JoinGroupResponseEvent');
INSERT INTO public.notifications (id, created_at, updated_at, actions, content, content_id, link, originator, target_user, title, type) VALUES (232, '2020-05-03 23:32:12.890000', '2020-05-03 23:32:12.890000', null, null, 153, '/task/153', 'Xavier', 'yangming', 'Xavier updated labels for TASK white screen bug', 'SetLabelEvent');
INSERT INTO public.notifications (id, created_at, updated_at, actions, content, content_id, link, originator, target_user, title, type) VALUES (237, '2020-05-03 23:36:53.160000', '2020-05-03 23:36:53.160000', null, null, 203, '/groups/group203', 'ttt', 'Xavier', 'ttt accepted your invitation to join Group Full Stack Devs', 'JoinGroupResponseEvent');
INSERT INTO public.notifications (id, created_at, updated_at, actions, content, content_id, link, originator, target_user, title, type) VALUES (238, '2020-05-03 23:44:14.640000', '2020-05-03 23:44:14.640000', null, null, 154, '/task/154', 'Xavier', 'wanismvp', 'Xavier updated labels for TASK User not seeing shared BuJo', 'SetLabelEvent');
INSERT INTO public.notifications (id, created_at, updated_at, actions, content, content_id, link, originator, target_user, title, type) VALUES (239, '2020-05-03 23:44:14.640000', '2020-05-03 23:44:14.640000', null, null, 154, '/task/154', 'Xavier', 'Arthas', 'Xavier updated labels for TASK User not seeing shared BuJo', 'SetLabelEvent');
INSERT INTO public.notifications (id, created_at, updated_at, actions, content, content_id, link, originator, target_user, title, type) VALUES (240, '2020-05-03 23:44:14.641000', '2020-05-03 23:44:14.641000', null, null, 154, '/task/154', 'Xavier', 'XXXXX', 'Xavier updated labels for TASK User not seeing shared BuJo', 'SetLabelEvent');
INSERT INTO public.notifications (id, created_at, updated_at, actions, content, content_id, link, originator, target_user, title, type) VALUES (241, '2020-05-03 23:44:14.641000', '2020-05-03 23:44:14.641000', null, null, 154, '/task/154', 'Xavier', 'Michael_Zhou', 'Xavier updated labels for TASK User not seeing shared BuJo', 'SetLabelEvent');
INSERT INTO public.notifications (id, created_at, updated_at, actions, content, content_id, link, originator, target_user, title, type) VALUES (242, '2020-05-04 02:05:24.978000', '2020-05-04 02:05:24.978000', '["ACCEPT","DECLINE"]', null, 251, '/groups/group251', 'Xavier', 'Fun_bam', 'Xavier invited you to join Group Backend Devs', 'JoinGroupEvent');
INSERT INTO public.notifications (id, created_at, updated_at, actions, content, content_id, link, originator, target_user, title, type) VALUES (243, '2020-05-04 02:05:30.691000', '2020-05-04 02:05:30.691000', '["ACCEPT","DECLINE"]', null, 252, '/groups/group252', 'Xavier', 'Fun_bam', 'Xavier invited you to join Group Frontend Devs', 'JoinGroupEvent');
INSERT INTO public.notifications (id, created_at, updated_at, actions, content, content_id, link, originator, target_user, title, type) VALUES (244, '2020-05-04 02:05:36.103000', '2020-05-04 02:05:36.103000', '["ACCEPT","DECLINE"]', null, 203, '/groups/group203', 'Xavier', 'Fun_bam', 'Xavier invited you to join Group Full Stack Devs', 'JoinGroupEvent');
INSERT INTO public.notifications (id, created_at, updated_at, actions, content, content_id, link, originator, target_user, title, type) VALUES (246, '2020-05-04 02:17:33.285000', '2020-05-04 02:17:33.285000', '["ACCEPT","DECLINE"]', null, 251, '/groups/group251', 'Xavier', 'Bai_Bai', 'Xavier invited you to join Group Backend Devs', 'JoinGroupEvent');
INSERT INTO public.notifications (id, created_at, updated_at, actions, content, content_id, link, originator, target_user, title, type) VALUES (247, '2020-05-04 02:17:43.713000', '2020-05-04 02:17:43.713000', '["ACCEPT","DECLINE"]', null, 203, '/groups/group203', 'Xavier', 'Bai_Bai', 'Xavier invited you to join Group Full Stack Devs', 'JoinGroupEvent');
INSERT INTO public.notifications (id, created_at, updated_at, actions, content, content_id, link, originator, target_user, title, type) VALUES (248, '2020-05-04 02:18:01.615000', '2020-05-04 02:18:01.615000', '["ACCEPT","DECLINE"]', null, 252, '/groups/group252', 'Xavier', 'ywang214', 'Xavier invited you to join Group Frontend Devs', 'JoinGroupEvent');
INSERT INTO public.notifications (id, created_at, updated_at, actions, content, content_id, link, originator, target_user, title, type) VALUES (249, '2020-05-04 02:18:10.145000', '2020-05-04 02:18:10.145000', '["ACCEPT","DECLINE"]', null, 203, '/groups/group203', 'Xavier', 'ywang214', 'Xavier invited you to join Group Full Stack Devs', 'JoinGroupEvent');
INSERT INTO public.notifications (id, created_at, updated_at, actions, content, content_id, link, originator, target_user, title, type) VALUES (251, '2020-05-04 02:22:39.901000', '2020-05-04 02:22:39.901000', null, null, 255, '/groups/group255', 'ttt', 'Xavier', 'ttt accepted your invitation to join Group Mobile Devs', 'JoinGroupResponseEvent');
INSERT INTO public.notifications (id, created_at, updated_at, actions, content, content_id, link, originator, target_user, title, type) VALUES (252, '2020-05-04 02:22:41.747000', '2020-05-04 02:22:41.747000', null, null, 252, '/groups/group252', 'ttt', 'Xavier', 'ttt accepted your invitation to join Group Frontend Devs', 'JoinGroupResponseEvent');
INSERT INTO public.notifications (id, created_at, updated_at, actions, content, content_id, link, originator, target_user, title, type) VALUES (254, '2020-05-04 02:24:02.956000', '2020-05-04 02:24:02.956000', null, null, 251, '/groups/group251', 'ttt', 'Xavier', 'ttt accepted your invitation to join Group Backend Devs', 'JoinGroupResponseEvent');
INSERT INTO public.notifications (id, created_at, updated_at, actions, content, content_id, link, originator, target_user, title, type) VALUES (255, '2020-05-04 02:47:23.025000', '2020-05-04 02:47:23.025000', null, null, 251, '/groups/group251', 'Michael_Zhou', 'Xavier', 'Michael_Zhou accepted your invitation to join Group Backend Devs', 'JoinGroupResponseEvent');
INSERT INTO public.notifications (id, created_at, updated_at, actions, content, content_id, link, originator, target_user, title, type) VALUES (256, '2020-05-04 02:47:24.628000', '2020-05-04 02:47:24.628000', null, null, 203, '/groups/group203', 'Michael_Zhou', 'Xavier', 'Michael_Zhou accepted your invitation to join Group Full Stack Devs', 'JoinGroupResponseEvent');
INSERT INTO public.notifications (id, created_at, updated_at, actions, content, content_id, link, originator, target_user, title, type) VALUES (257, '2020-05-04 02:49:16.775000', '2020-05-04 02:49:16.775000', null, null, 201, '/task/201', 'Xavier', 'ywang214', 'Task You''ve got new notifications bug is unassigned by Xavier', 'UpdateTaskAssigneeEvent');
INSERT INTO public.notifications (id, created_at, updated_at, actions, content, content_id, link, originator, target_user, title, type) VALUES (258, '2020-05-04 02:49:16.780000', '2020-05-04 02:49:16.780000', null, null, 201, '/task/201', 'Xavier', 'yangming', 'Task You''ve got new notifications bug is assigned to yangming by Xavier', 'UpdateTaskAssigneeEvent');
INSERT INTO public.notifications (id, created_at, updated_at, actions, content, content_id, link, originator, target_user, title, type) VALUES (259, '2020-05-04 02:49:29.616000', '2020-05-04 02:49:29.616000', null, null, 255, '/groups/group255', 'Ping_Woo', 'Xavier', 'Ping_Woo accepted your invitation to join Group Mobile Devs', 'JoinGroupResponseEvent');
INSERT INTO public.notifications (id, created_at, updated_at, actions, content, content_id, link, originator, target_user, title, type) VALUES (260, '2020-05-04 02:49:32.116000', '2020-05-04 02:49:32.116000', null, null, 252, '/groups/group252', 'Ping_Woo', 'Xavier', 'Ping_Woo accepted your invitation to join Group Frontend Devs', 'JoinGroupResponseEvent');
INSERT INTO public.notifications (id, created_at, updated_at, actions, content, content_id, link, originator, target_user, title, type) VALUES (261, '2020-05-04 02:49:39.351000', '2020-05-04 02:49:39.351000', null, null, 203, '/groups/group203', 'Ping_Woo', 'Xavier', 'Ping_Woo accepted your invitation to join Group Full Stack Devs', 'JoinGroupResponseEvent');
INSERT INTO public.notifications (id, created_at, updated_at, actions, content, content_id, link, originator, target_user, title, type) VALUES (262, '2020-05-04 02:57:18.303000', '2020-05-04 02:57:18.303000', null, null, 202, '/task/202', 'Xavier', 'wanismvp', 'Xavier updated labels for TASK Elastic Search Schema', 'SetLabelEvent');
INSERT INTO public.notifications (id, created_at, updated_at, actions, content, content_id, link, originator, target_user, title, type) VALUES (263, '2020-05-04 02:57:18.303000', '2020-05-04 02:57:18.303000', null, null, 202, '/task/202', 'Xavier', 'Arthas', 'Xavier updated labels for TASK Elastic Search Schema', 'SetLabelEvent');
INSERT INTO public.notifications (id, created_at, updated_at, actions, content, content_id, link, originator, target_user, title, type) VALUES (264, '2020-05-04 02:57:18.303000', '2020-05-04 02:57:18.303000', null, null, 202, '/task/202', 'Xavier', 'XXXXX', 'Xavier updated labels for TASK Elastic Search Schema', 'SetLabelEvent');
INSERT INTO public.notifications (id, created_at, updated_at, actions, content, content_id, link, originator, target_user, title, type) VALUES (265, '2020-05-04 02:57:18.303000', '2020-05-04 02:57:18.303000', null, null, 202, '/task/202', 'Xavier', 'Bai_Bai', 'Xavier updated labels for TASK Elastic Search Schema', 'SetLabelEvent');
INSERT INTO public.notifications (id, created_at, updated_at, actions, content, content_id, link, originator, target_user, title, type) VALUES (266, '2020-05-04 02:57:18.303000', '2020-05-04 02:57:18.303000', null, null, 202, '/task/202', 'Xavier', 'Fun_bam', 'Xavier updated labels for TASK Elastic Search Schema', 'SetLabelEvent');
INSERT INTO public.notifications (id, created_at, updated_at, actions, content, content_id, link, originator, target_user, title, type) VALUES (267, '2020-05-04 02:57:18.303000', '2020-05-04 02:57:18.303000', null, null, 202, '/task/202', 'Xavier', 'Michael_Zhou', 'Xavier updated labels for TASK Elastic Search Schema', 'SetLabelEvent');
INSERT INTO public.notifications (id, created_at, updated_at, actions, content, content_id, link, originator, target_user, title, type) VALUES (268, '2020-05-04 02:57:18.303000', '2020-05-04 02:57:18.303000', null, null, 202, '/task/202', 'Xavier', 'ttt', 'Xavier updated labels for TASK Elastic Search Schema', 'SetLabelEvent');
INSERT INTO public.notifications (id, created_at, updated_at, actions, content, content_id, link, originator, target_user, title, type) VALUES (269, '2020-05-04 02:57:27.935000', '2020-05-04 02:57:27.935000', null, null, 203, '/task/203', 'Xavier', 'wanismvp', 'Xavier updated labels for TASK Content Indexing', 'SetLabelEvent');
INSERT INTO public.notifications (id, created_at, updated_at, actions, content, content_id, link, originator, target_user, title, type) VALUES (270, '2020-05-04 02:57:27.935000', '2020-05-04 02:57:27.935000', null, null, 203, '/task/203', 'Xavier', 'Arthas', 'Xavier updated labels for TASK Content Indexing', 'SetLabelEvent');
INSERT INTO public.notifications (id, created_at, updated_at, actions, content, content_id, link, originator, target_user, title, type) VALUES (271, '2020-05-04 02:57:27.935000', '2020-05-04 02:57:27.935000', null, null, 203, '/task/203', 'Xavier', 'XXXXX', 'Xavier updated labels for TASK Content Indexing', 'SetLabelEvent');
INSERT INTO public.notifications (id, created_at, updated_at, actions, content, content_id, link, originator, target_user, title, type) VALUES (272, '2020-05-04 02:57:27.937000', '2020-05-04 02:57:27.937000', null, null, 203, '/task/203', 'Xavier', 'Bai_Bai', 'Xavier updated labels for TASK Content Indexing', 'SetLabelEvent');
INSERT INTO public.notifications (id, created_at, updated_at, actions, content, content_id, link, originator, target_user, title, type) VALUES (273, '2020-05-04 02:57:27.937000', '2020-05-04 02:57:27.937000', null, null, 203, '/task/203', 'Xavier', 'Fun_bam', 'Xavier updated labels for TASK Content Indexing', 'SetLabelEvent');
INSERT INTO public.notifications (id, created_at, updated_at, actions, content, content_id, link, originator, target_user, title, type) VALUES (274, '2020-05-04 02:57:27.937000', '2020-05-04 02:57:27.937000', null, null, 203, '/task/203', 'Xavier', 'Michael_Zhou', 'Xavier updated labels for TASK Content Indexing', 'SetLabelEvent');
INSERT INTO public.notifications (id, created_at, updated_at, actions, content, content_id, link, originator, target_user, title, type) VALUES (275, '2020-05-04 02:57:27.937000', '2020-05-04 02:57:27.937000', null, null, 203, '/task/203', 'Xavier', 'ttt', 'Xavier updated labels for TASK Content Indexing', 'SetLabelEvent');
INSERT INTO public.notifications (id, created_at, updated_at, actions, content, content_id, link, originator, target_user, title, type) VALUES (276, '2020-05-04 02:57:33.985000', '2020-05-04 02:57:33.985000', null, null, 204, '/task/204', 'Xavier', 'wanismvp', 'Xavier updated labels for TASK ProjectItem  Object Retrieval', 'SetLabelEvent');
INSERT INTO public.notifications (id, created_at, updated_at, actions, content, content_id, link, originator, target_user, title, type) VALUES (277, '2020-05-04 02:57:33.985000', '2020-05-04 02:57:33.985000', null, null, 204, '/task/204', 'Xavier', 'Arthas', 'Xavier updated labels for TASK ProjectItem  Object Retrieval', 'SetLabelEvent');
INSERT INTO public.notifications (id, created_at, updated_at, actions, content, content_id, link, originator, target_user, title, type) VALUES (278, '2020-05-04 02:57:33.985000', '2020-05-04 02:57:33.985000', null, null, 204, '/task/204', 'Xavier', 'XXXXX', 'Xavier updated labels for TASK ProjectItem  Object Retrieval', 'SetLabelEvent');
INSERT INTO public.notifications (id, created_at, updated_at, actions, content, content_id, link, originator, target_user, title, type) VALUES (279, '2020-05-04 02:57:33.985000', '2020-05-04 02:57:33.985000', null, null, 204, '/task/204', 'Xavier', 'Bai_Bai', 'Xavier updated labels for TASK ProjectItem  Object Retrieval', 'SetLabelEvent');
INSERT INTO public.notifications (id, created_at, updated_at, actions, content, content_id, link, originator, target_user, title, type) VALUES (280, '2020-05-04 02:57:33.985000', '2020-05-04 02:57:33.985000', null, null, 204, '/task/204', 'Xavier', 'Fun_bam', 'Xavier updated labels for TASK ProjectItem  Object Retrieval', 'SetLabelEvent');
INSERT INTO public.notifications (id, created_at, updated_at, actions, content, content_id, link, originator, target_user, title, type) VALUES (281, '2020-05-04 02:57:33.985000', '2020-05-04 02:57:33.985000', null, null, 204, '/task/204', 'Xavier', 'Michael_Zhou', 'Xavier updated labels for TASK ProjectItem  Object Retrieval', 'SetLabelEvent');
INSERT INTO public.notifications (id, created_at, updated_at, actions, content, content_id, link, originator, target_user, title, type) VALUES (282, '2020-05-04 02:57:33.985000', '2020-05-04 02:57:33.985000', null, null, 204, '/task/204', 'Xavier', 'ttt', 'Xavier updated labels for TASK ProjectItem  Object Retrieval', 'SetLabelEvent');
INSERT INTO public.notifications (id, created_at, updated_at, actions, content, content_id, link, originator, target_user, title, type) VALUES (283, '2020-05-04 02:59:10.235000', '2020-05-04 02:59:10.235000', null, null, 205, '/task/205', 'Xavier', 'wanismvp', 'Xavier updated labels for TASK Discuss What to Do Next', 'SetLabelEvent');
INSERT INTO public.notifications (id, created_at, updated_at, actions, content, content_id, link, originator, target_user, title, type) VALUES (284, '2020-05-04 02:59:10.235000', '2020-05-04 02:59:10.235000', null, null, 205, '/task/205', 'Xavier', 'Arthas', 'Xavier updated labels for TASK Discuss What to Do Next', 'SetLabelEvent');
INSERT INTO public.notifications (id, created_at, updated_at, actions, content, content_id, link, originator, target_user, title, type) VALUES (285, '2020-05-04 02:59:10.235000', '2020-05-04 02:59:10.235000', null, null, 205, '/task/205', 'Xavier', 'XXXXX', 'Xavier updated labels for TASK Discuss What to Do Next', 'SetLabelEvent');
INSERT INTO public.notifications (id, created_at, updated_at, actions, content, content_id, link, originator, target_user, title, type) VALUES (286, '2020-05-04 02:59:10.235000', '2020-05-04 02:59:10.235000', null, null, 205, '/task/205', 'Xavier', 'Bai_Bai', 'Xavier updated labels for TASK Discuss What to Do Next', 'SetLabelEvent');
INSERT INTO public.notifications (id, created_at, updated_at, actions, content, content_id, link, originator, target_user, title, type) VALUES (287, '2020-05-04 02:59:10.235000', '2020-05-04 02:59:10.235000', null, null, 205, '/task/205', 'Xavier', 'Fun_bam', 'Xavier updated labels for TASK Discuss What to Do Next', 'SetLabelEvent');
INSERT INTO public.notifications (id, created_at, updated_at, actions, content, content_id, link, originator, target_user, title, type) VALUES (288, '2020-05-04 02:59:10.235000', '2020-05-04 02:59:10.235000', null, null, 205, '/task/205', 'Xavier', 'Michael_Zhou', 'Xavier updated labels for TASK Discuss What to Do Next', 'SetLabelEvent');
INSERT INTO public.notifications (id, created_at, updated_at, actions, content, content_id, link, originator, target_user, title, type) VALUES (289, '2020-05-04 02:59:10.235000', '2020-05-04 02:59:10.235000', null, null, 205, '/task/205', 'Xavier', 'ttt', 'Xavier updated labels for TASK Discuss What to Do Next', 'SetLabelEvent');
INSERT INTO public.notifications (id, created_at, updated_at, actions, content, content_id, link, originator, target_user, title, type) VALUES (290, '2020-05-04 02:59:21.183000', '2020-05-04 02:59:21.183000', null, null, 205, '/task/205', 'Xavier', 'wanismvp', 'Xavier updated labels for TASK Discuss What to Do Next', 'SetLabelEvent');
INSERT INTO public.notifications (id, created_at, updated_at, actions, content, content_id, link, originator, target_user, title, type) VALUES (291, '2020-05-04 02:59:21.183000', '2020-05-04 02:59:21.183000', null, null, 205, '/task/205', 'Xavier', 'Arthas', 'Xavier updated labels for TASK Discuss What to Do Next', 'SetLabelEvent');
INSERT INTO public.notifications (id, created_at, updated_at, actions, content, content_id, link, originator, target_user, title, type) VALUES (292, '2020-05-04 02:59:21.183000', '2020-05-04 02:59:21.183000', null, null, 205, '/task/205', 'Xavier', 'XXXXX', 'Xavier updated labels for TASK Discuss What to Do Next', 'SetLabelEvent');
INSERT INTO public.notifications (id, created_at, updated_at, actions, content, content_id, link, originator, target_user, title, type) VALUES (293, '2020-05-04 02:59:21.184000', '2020-05-04 02:59:21.184000', null, null, 205, '/task/205', 'Xavier', 'Bai_Bai', 'Xavier updated labels for TASK Discuss What to Do Next', 'SetLabelEvent');
INSERT INTO public.notifications (id, created_at, updated_at, actions, content, content_id, link, originator, target_user, title, type) VALUES (294, '2020-05-04 02:59:21.184000', '2020-05-04 02:59:21.184000', null, null, 205, '/task/205', 'Xavier', 'Fun_bam', 'Xavier updated labels for TASK Discuss What to Do Next', 'SetLabelEvent');
INSERT INTO public.notifications (id, created_at, updated_at, actions, content, content_id, link, originator, target_user, title, type) VALUES (295, '2020-05-04 02:59:21.184000', '2020-05-04 02:59:21.184000', null, null, 205, '/task/205', 'Xavier', 'Michael_Zhou', 'Xavier updated labels for TASK Discuss What to Do Next', 'SetLabelEvent');
INSERT INTO public.notifications (id, created_at, updated_at, actions, content, content_id, link, originator, target_user, title, type) VALUES (296, '2020-05-04 02:59:21.184000', '2020-05-04 02:59:21.184000', null, null, 205, '/task/205', 'Xavier', 'ttt', 'Xavier updated labels for TASK Discuss What to Do Next', 'SetLabelEvent');
INSERT INTO public.notifications (id, created_at, updated_at, actions, content, content_id, link, originator, target_user, title, type) VALUES (297, '2020-05-04 03:56:46.408000', '2020-05-04 03:56:46.408000', null, null, 209, '/task/209', 'Xavier', 'wanismvp', 'Xavier updated labels for TASK Add missing index and remove annotation in model', 'SetLabelEvent');
INSERT INTO public.notifications (id, created_at, updated_at, actions, content, content_id, link, originator, target_user, title, type) VALUES (298, '2020-05-04 03:56:46.408000', '2020-05-04 03:56:46.408000', null, null, 209, '/task/209', 'Xavier', 'Arthas', 'Xavier updated labels for TASK Add missing index and remove annotation in model', 'SetLabelEvent');
INSERT INTO public.notifications (id, created_at, updated_at, actions, content, content_id, link, originator, target_user, title, type) VALUES (299, '2020-05-04 03:56:46.408000', '2020-05-04 03:56:46.408000', null, null, 209, '/task/209', 'Xavier', 'XXXXX', 'Xavier updated labels for TASK Add missing index and remove annotation in model', 'SetLabelEvent');
INSERT INTO public.notifications (id, created_at, updated_at, actions, content, content_id, link, originator, target_user, title, type) VALUES (300, '2020-05-04 03:56:46.408000', '2020-05-04 03:56:46.408000', null, null, 209, '/task/209', 'Xavier', 'Bai_Bai', 'Xavier updated labels for TASK Add missing index and remove annotation in model', 'SetLabelEvent');
INSERT INTO public.notifications (id, created_at, updated_at, actions, content, content_id, link, originator, target_user, title, type) VALUES (301, '2020-05-04 03:56:46.408000', '2020-05-04 03:56:46.408000', null, null, 209, '/task/209', 'Xavier', 'Fun_bam', 'Xavier updated labels for TASK Add missing index and remove annotation in model', 'SetLabelEvent');
INSERT INTO public.notifications (id, created_at, updated_at, actions, content, content_id, link, originator, target_user, title, type) VALUES (302, '2020-05-04 03:56:46.413000', '2020-05-04 03:56:46.413000', null, null, 209, '/task/209', 'Xavier', 'Michael_Zhou', 'Xavier updated labels for TASK Add missing index and remove annotation in model', 'SetLabelEvent');
INSERT INTO public.notifications (id, created_at, updated_at, actions, content, content_id, link, originator, target_user, title, type) VALUES (303, '2020-05-04 03:56:46.414000', '2020-05-04 03:56:46.414000', null, null, 209, '/task/209', 'Xavier', 'ttt', 'Xavier updated labels for TASK Add missing index and remove annotation in model', 'SetLabelEvent');
INSERT INTO public.notifications (id, created_at, updated_at, actions, content, content_id, link, originator, target_user, title, type) VALUES (304, '2020-05-04 03:57:44.058000', '2020-05-04 03:57:44.058000', null, null, 210, '/task/210', 'Xavier', 'wanismvp', 'Xavier updated labels for TASK optimize sql for task assignee query and label', 'SetLabelEvent');
INSERT INTO public.notifications (id, created_at, updated_at, actions, content, content_id, link, originator, target_user, title, type) VALUES (305, '2020-05-04 03:57:44.058000', '2020-05-04 03:57:44.058000', null, null, 210, '/task/210', 'Xavier', 'Arthas', 'Xavier updated labels for TASK optimize sql for task assignee query and label', 'SetLabelEvent');
INSERT INTO public.notifications (id, created_at, updated_at, actions, content, content_id, link, originator, target_user, title, type) VALUES (306, '2020-05-04 03:57:44.058000', '2020-05-04 03:57:44.058000', null, null, 210, '/task/210', 'Xavier', 'XXXXX', 'Xavier updated labels for TASK optimize sql for task assignee query and label', 'SetLabelEvent');
INSERT INTO public.notifications (id, created_at, updated_at, actions, content, content_id, link, originator, target_user, title, type) VALUES (307, '2020-05-04 03:57:44.058000', '2020-05-04 03:57:44.058000', null, null, 210, '/task/210', 'Xavier', 'Bai_Bai', 'Xavier updated labels for TASK optimize sql for task assignee query and label', 'SetLabelEvent');
INSERT INTO public.notifications (id, created_at, updated_at, actions, content, content_id, link, originator, target_user, title, type) VALUES (308, '2020-05-04 03:57:44.058000', '2020-05-04 03:57:44.058000', null, null, 210, '/task/210', 'Xavier', 'Fun_bam', 'Xavier updated labels for TASK optimize sql for task assignee query and label', 'SetLabelEvent');
INSERT INTO public.notifications (id, created_at, updated_at, actions, content, content_id, link, originator, target_user, title, type) VALUES (309, '2020-05-04 03:57:44.058000', '2020-05-04 03:57:44.058000', null, null, 210, '/task/210', 'Xavier', 'Michael_Zhou', 'Xavier updated labels for TASK optimize sql for task assignee query and label', 'SetLabelEvent');
INSERT INTO public.notifications (id, created_at, updated_at, actions, content, content_id, link, originator, target_user, title, type) VALUES (310, '2020-05-04 03:57:44.058000', '2020-05-04 03:57:44.058000', null, null, 210, '/task/210', 'Xavier', 'ttt', 'Xavier updated labels for TASK optimize sql for task assignee query and label', 'SetLabelEvent');
INSERT INTO public.notifications (id, created_at, updated_at, actions, content, content_id, link, originator, target_user, title, type) VALUES (311, '2020-05-04 04:35:54.959000', '2020-05-04 04:35:54.959000', null, null, 252, '/groups/group252', 'Rongkai_Liu', 'Xavier', 'Rongkai_Liu accepted your invitation to join Group Frontend Devs', 'JoinGroupResponseEvent');
INSERT INTO public.notifications (id, created_at, updated_at, actions, content, content_id, link, originator, target_user, title, type) VALUES (312, '2020-05-04 04:35:58.974000', '2020-05-04 04:35:58.974000', null, null, 255, '/groups/group255', 'Rongkai_Liu', 'Xavier', 'Rongkai_Liu accepted your invitation to join Group Mobile Devs', 'JoinGroupResponseEvent');
INSERT INTO public.notifications (id, created_at, updated_at, actions, content, content_id, link, originator, target_user, title, type) VALUES (313, '2020-05-04 04:36:00.045000', '2020-05-04 04:36:00.045000', null, null, 203, '/groups/group203', 'Rongkai_Liu', 'Xavier', 'Rongkai_Liu accepted your invitation to join Group Full Stack Devs', 'JoinGroupResponseEvent');
INSERT INTO public.notifications (id, created_at, updated_at, actions, content, content_id, link, originator, target_user, title, type) VALUES (314, '2020-05-04 04:38:39.699000', '2020-05-04 04:38:39.699000', null, null, 251, null, 'Xavier', 'Fun_bam', 'Xavier removed you from Group Backend Devs', 'RemoveUserFromGroupEvent');
INSERT INTO public.notifications (id, created_at, updated_at, actions, content, content_id, link, originator, target_user, title, type) VALUES (315, '2020-05-04 04:39:01.480000', '2020-05-04 04:39:01.480000', '["ACCEPT","DECLINE"]', null, 251, '/groups/group251', 'Xavier', 'Fun_bam', 'Xavier invited you to join Group Backend Devs', 'JoinGroupEvent');
INSERT INTO public.notifications (id, created_at, updated_at, actions, content, content_id, link, originator, target_user, title, type) VALUES (319, '2020-05-04 04:52:18.124000', '2020-05-04 04:52:18.124000', null, null, 203, '/groups/group203', 'bamb', 'Xavier', 'bamb accepted your invitation to join Group Full Stack Devs', 'JoinGroupResponseEvent');
INSERT INTO public.notifications (id, created_at, updated_at, actions, content, content_id, link, originator, target_user, title, type) VALUES (320, '2020-05-04 04:52:20.475000', '2020-05-04 04:52:20.475000', null, null, 252, '/groups/group252', 'bamb', 'Xavier', 'bamb accepted your invitation to join Group Frontend Devs', 'JoinGroupResponseEvent');
INSERT INTO public.notifications (id, created_at, updated_at, actions, content, content_id, link, originator, target_user, title, type) VALUES (321, '2020-05-04 04:52:21.549000', '2020-05-04 04:52:21.549000', null, null, 251, '/groups/group251', 'bamb', 'Xavier', 'bamb accepted your invitation to join Group Backend Devs', 'JoinGroupResponseEvent');
INSERT INTO public.notifications (id, created_at, updated_at, actions, content, content_id, link, originator, target_user, title, type) VALUES (322, '2020-05-04 04:54:03.002000', '2020-05-04 04:54:03.002000', null, null, 157, '/task/157', 'Xavier', 'Fun_bam', 'Task recent items is unassigned by Xavier', 'UpdateTaskAssigneeEvent');
INSERT INTO public.notifications (id, created_at, updated_at, actions, content, content_id, link, originator, target_user, title, type) VALUES (323, '2020-05-04 04:54:03.005000', '2020-05-04 04:54:03.005000', null, null, 157, '/task/157', 'Xavier', 'bamb', 'Task recent items is assigned to bamb by Xavier', 'UpdateTaskAssigneeEvent');
INSERT INTO public.notifications (id, created_at, updated_at, actions, content, content_id, link, originator, target_user, title, type) VALUES (324, '2020-05-04 04:54:26.303000', '2020-05-04 04:54:26.303000', null, null, 156, '/task/156', 'Xavier', 'Fun_bam', 'Task recent items is unassigned by Xavier', 'UpdateTaskAssigneeEvent');
INSERT INTO public.notifications (id, created_at, updated_at, actions, content, content_id, link, originator, target_user, title, type) VALUES (325, '2020-05-04 04:54:26.306000', '2020-05-04 04:54:26.306000', null, null, 156, '/task/156', 'Xavier', 'bamb', 'Task recent items is assigned to bamb by Xavier', 'UpdateTaskAssigneeEvent');
INSERT INTO public.notifications (id, created_at, updated_at, actions, content, content_id, link, originator, target_user, title, type) VALUES (326, '2020-05-04 05:31:45.185000', '2020-05-04 05:31:45.185000', null, null, 212, '/task/212', 'Xavier', 'Ping_Woo', 'Xavier updated labels for TASK Discuss What to Do Next', 'SetLabelEvent');
INSERT INTO public.notifications (id, created_at, updated_at, actions, content, content_id, link, originator, target_user, title, type) VALUES (327, '2020-05-04 05:31:45.185000', '2020-05-04 05:31:45.185000', null, null, 212, '/task/212', 'Xavier', 'ttt', 'Xavier updated labels for TASK Discuss What to Do Next', 'SetLabelEvent');
INSERT INTO public.notifications (id, created_at, updated_at, actions, content, content_id, link, originator, target_user, title, type) VALUES (328, '2020-05-04 05:31:45.185000', '2020-05-04 05:31:45.185000', null, null, 212, '/task/212', 'Xavier', 'Rongkai_Liu', 'Xavier updated labels for TASK Discuss What to Do Next', 'SetLabelEvent');
INSERT INTO public.notifications (id, created_at, updated_at, actions, content, content_id, link, originator, target_user, title, type) VALUES (329, '2020-05-04 06:25:04.156000', '2020-05-04 06:25:04.156000', null, null, 213, '/task/213', 'Xavier', 'Xavier', 'Task Labels used in project should be available to use is unassigned by Xavier', 'UpdateTaskAssigneeEvent');
INSERT INTO public.notifications (id, created_at, updated_at, actions, content, content_id, link, originator, target_user, title, type) VALUES (330, '2020-05-04 06:25:04.178000', '2020-05-04 06:25:04.178000', null, null, 213, '/task/213', 'Xavier', 'Arthas', 'Task Labels used in project should be available to use is assigned to Arthas by Xavier', 'UpdateTaskAssigneeEvent');
INSERT INTO public.notifications (id, created_at, updated_at, actions, content, content_id, link, originator, target_user, title, type) VALUES (331, '2020-05-04 06:58:25.617000', '2020-05-04 06:58:25.617000', null, null, 213, '/task/213', 'Xavier', 'wanismvp', 'Task Labels used in project should be available to use is assigned to wanismvp by Xavier', 'UpdateTaskAssigneeEvent');
INSERT INTO public.notifications (id, created_at, updated_at, actions, content, content_id, link, originator, target_user, title, type) VALUES (332, '2020-05-04 07:07:05.656000', '2020-05-04 07:07:05.656000', null, null, 213, '/task/213', 'Xavier', 'wanismvp', 'Xavier updated labels for TASK Labels used in project should be available to use', 'SetLabelEvent');
INSERT INTO public.notifications (id, created_at, updated_at, actions, content, content_id, link, originator, target_user, title, type) VALUES (333, '2020-05-04 07:07:05.656000', '2020-05-04 07:07:05.656000', null, null, 213, '/task/213', 'Xavier', 'Arthas', 'Xavier updated labels for TASK Labels used in project should be available to use', 'SetLabelEvent');
INSERT INTO public.notifications (id, created_at, updated_at, actions, content, content_id, link, originator, target_user, title, type) VALUES (334, '2020-05-04 07:07:05.656000', '2020-05-04 07:07:05.656000', null, null, 213, '/task/213', 'Xavier', 'XXXXX', 'Xavier updated labels for TASK Labels used in project should be available to use', 'SetLabelEvent');
INSERT INTO public.notifications (id, created_at, updated_at, actions, content, content_id, link, originator, target_user, title, type) VALUES (335, '2020-05-04 07:07:05.656000', '2020-05-04 07:07:05.656000', null, null, 213, '/task/213', 'Xavier', 'Bai_Bai', 'Xavier updated labels for TASK Labels used in project should be available to use', 'SetLabelEvent');
INSERT INTO public.notifications (id, created_at, updated_at, actions, content, content_id, link, originator, target_user, title, type) VALUES (336, '2020-05-04 07:07:05.657000', '2020-05-04 07:07:05.657000', null, null, 213, '/task/213', 'Xavier', 'Fun_bam', 'Xavier updated labels for TASK Labels used in project should be available to use', 'SetLabelEvent');
INSERT INTO public.notifications (id, created_at, updated_at, actions, content, content_id, link, originator, target_user, title, type) VALUES (337, '2020-05-04 07:07:05.657000', '2020-05-04 07:07:05.657000', null, null, 213, '/task/213', 'Xavier', 'bamb', 'Xavier updated labels for TASK Labels used in project should be available to use', 'SetLabelEvent');
INSERT INTO public.notifications (id, created_at, updated_at, actions, content, content_id, link, originator, target_user, title, type) VALUES (338, '2020-05-04 07:07:05.657000', '2020-05-04 07:07:05.657000', null, null, 213, '/task/213', 'Xavier', 'Michael_Zhou', 'Xavier updated labels for TASK Labels used in project should be available to use', 'SetLabelEvent');
INSERT INTO public.notifications (id, created_at, updated_at, actions, content, content_id, link, originator, target_user, title, type) VALUES (339, '2020-05-04 07:07:05.657000', '2020-05-04 07:07:05.657000', null, null, 213, '/task/213', 'Xavier', 'ttt', 'Xavier updated labels for TASK Labels used in project should be available to use', 'SetLabelEvent');
INSERT INTO public.notifications (id, created_at, updated_at, actions, content, content_id, link, originator, target_user, title, type) VALUES (340, '2020-05-04 07:09:19.941000', '2020-05-04 07:09:19.941000', null, null, 155, '/task/155', 'Xavier', 'wanismvp', 'Xavier updated labels for TASK Reminding task add buffer 10 min', 'SetLabelEvent');
INSERT INTO public.notifications (id, created_at, updated_at, actions, content, content_id, link, originator, target_user, title, type) VALUES (341, '2020-05-04 07:09:19.941000', '2020-05-04 07:09:19.941000', null, null, 155, '/task/155', 'Xavier', 'Arthas', 'Xavier updated labels for TASK Reminding task add buffer 10 min', 'SetLabelEvent');
INSERT INTO public.notifications (id, created_at, updated_at, actions, content, content_id, link, originator, target_user, title, type) VALUES (342, '2020-05-04 07:09:19.941000', '2020-05-04 07:09:19.941000', null, null, 155, '/task/155', 'Xavier', 'XXXXX', 'Xavier updated labels for TASK Reminding task add buffer 10 min', 'SetLabelEvent');
INSERT INTO public.notifications (id, created_at, updated_at, actions, content, content_id, link, originator, target_user, title, type) VALUES (343, '2020-05-04 07:09:19.941000', '2020-05-04 07:09:19.941000', null, null, 155, '/task/155', 'Xavier', 'Bai_Bai', 'Xavier updated labels for TASK Reminding task add buffer 10 min', 'SetLabelEvent');
INSERT INTO public.notifications (id, created_at, updated_at, actions, content, content_id, link, originator, target_user, title, type) VALUES (344, '2020-05-04 07:09:19.941000', '2020-05-04 07:09:19.941000', null, null, 155, '/task/155', 'Xavier', 'Fun_bam', 'Xavier updated labels for TASK Reminding task add buffer 10 min', 'SetLabelEvent');
INSERT INTO public.notifications (id, created_at, updated_at, actions, content, content_id, link, originator, target_user, title, type) VALUES (345, '2020-05-04 07:09:19.941000', '2020-05-04 07:09:19.941000', null, null, 155, '/task/155', 'Xavier', 'bamb', 'Xavier updated labels for TASK Reminding task add buffer 10 min', 'SetLabelEvent');
INSERT INTO public.notifications (id, created_at, updated_at, actions, content, content_id, link, originator, target_user, title, type) VALUES (346, '2020-05-04 07:09:19.941000', '2020-05-04 07:09:19.941000', null, null, 155, '/task/155', 'Xavier', 'Michael_Zhou', 'Xavier updated labels for TASK Reminding task add buffer 10 min', 'SetLabelEvent');
INSERT INTO public.notifications (id, created_at, updated_at, actions, content, content_id, link, originator, target_user, title, type) VALUES (347, '2020-05-04 07:09:19.941000', '2020-05-04 07:09:19.941000', null, null, 155, '/task/155', 'Xavier', 'ttt', 'Xavier updated labels for TASK Reminding task add buffer 10 min', 'SetLabelEvent');
INSERT INTO public.notifications (id, created_at, updated_at, actions, content, content_id, link, originator, target_user, title, type) VALUES (348, '2020-05-04 07:12:20.487000', '2020-05-04 07:12:20.487000', null, null, 213, '/task/213', 'Xavier', 'wanismvp', 'Xavier updated labels for TASK Labels used in project should be available to use', 'SetLabelEvent');
INSERT INTO public.notifications (id, created_at, updated_at, actions, content, content_id, link, originator, target_user, title, type) VALUES (349, '2020-05-04 07:12:20.487000', '2020-05-04 07:12:20.487000', null, null, 213, '/task/213', 'Xavier', 'Arthas', 'Xavier updated labels for TASK Labels used in project should be available to use', 'SetLabelEvent');
INSERT INTO public.notifications (id, created_at, updated_at, actions, content, content_id, link, originator, target_user, title, type) VALUES (350, '2020-05-04 07:12:20.487000', '2020-05-04 07:12:20.487000', null, null, 213, '/task/213', 'Xavier', 'XXXXX', 'Xavier updated labels for TASK Labels used in project should be available to use', 'SetLabelEvent');
INSERT INTO public.notifications (id, created_at, updated_at, actions, content, content_id, link, originator, target_user, title, type) VALUES (351, '2020-05-04 07:12:20.491000', '2020-05-04 07:12:20.491000', null, null, 213, '/task/213', 'Xavier', 'Bai_Bai', 'Xavier updated labels for TASK Labels used in project should be available to use', 'SetLabelEvent');
INSERT INTO public.notifications (id, created_at, updated_at, actions, content, content_id, link, originator, target_user, title, type) VALUES (352, '2020-05-04 07:12:20.492000', '2020-05-04 07:12:20.492000', null, null, 213, '/task/213', 'Xavier', 'Fun_bam', 'Xavier updated labels for TASK Labels used in project should be available to use', 'SetLabelEvent');
INSERT INTO public.notifications (id, created_at, updated_at, actions, content, content_id, link, originator, target_user, title, type) VALUES (353, '2020-05-04 07:12:20.493000', '2020-05-04 07:12:20.493000', null, null, 213, '/task/213', 'Xavier', 'bamb', 'Xavier updated labels for TASK Labels used in project should be available to use', 'SetLabelEvent');
INSERT INTO public.notifications (id, created_at, updated_at, actions, content, content_id, link, originator, target_user, title, type) VALUES (354, '2020-05-04 07:12:20.493000', '2020-05-04 07:12:20.493000', null, null, 213, '/task/213', 'Xavier', 'Michael_Zhou', 'Xavier updated labels for TASK Labels used in project should be available to use', 'SetLabelEvent');
INSERT INTO public.notifications (id, created_at, updated_at, actions, content, content_id, link, originator, target_user, title, type) VALUES (355, '2020-05-04 07:12:20.493000', '2020-05-04 07:12:20.493000', null, null, 213, '/task/213', 'Xavier', 'ttt', 'Xavier updated labels for TASK Labels used in project should be available to use', 'SetLabelEvent');
INSERT INTO public.notifications (id, created_at, updated_at, actions, content, content_id, link, originator, target_user, title, type) VALUES (356, '2020-05-04 07:14:30.119000', '2020-05-04 07:14:30.119000', null, null, 213, '/task/213', 'Xavier', 'wanismvp', 'Xavier updated labels for TASK Labels used in project should be available to use', 'SetLabelEvent');
INSERT INTO public.notifications (id, created_at, updated_at, actions, content, content_id, link, originator, target_user, title, type) VALUES (357, '2020-05-04 07:14:30.119000', '2020-05-04 07:14:30.119000', null, null, 213, '/task/213', 'Xavier', 'Arthas', 'Xavier updated labels for TASK Labels used in project should be available to use', 'SetLabelEvent');
INSERT INTO public.notifications (id, created_at, updated_at, actions, content, content_id, link, originator, target_user, title, type) VALUES (358, '2020-05-04 07:14:30.119000', '2020-05-04 07:14:30.119000', null, null, 213, '/task/213', 'Xavier', 'XXXXX', 'Xavier updated labels for TASK Labels used in project should be available to use', 'SetLabelEvent');
INSERT INTO public.notifications (id, created_at, updated_at, actions, content, content_id, link, originator, target_user, title, type) VALUES (359, '2020-05-04 07:14:30.119000', '2020-05-04 07:14:30.119000', null, null, 213, '/task/213', 'Xavier', 'Bai_Bai', 'Xavier updated labels for TASK Labels used in project should be available to use', 'SetLabelEvent');
INSERT INTO public.notifications (id, created_at, updated_at, actions, content, content_id, link, originator, target_user, title, type) VALUES (360, '2020-05-04 07:14:30.119000', '2020-05-04 07:14:30.119000', null, null, 213, '/task/213', 'Xavier', 'Fun_bam', 'Xavier updated labels for TASK Labels used in project should be available to use', 'SetLabelEvent');
INSERT INTO public.notifications (id, created_at, updated_at, actions, content, content_id, link, originator, target_user, title, type) VALUES (361, '2020-05-04 07:14:30.119000', '2020-05-04 07:14:30.119000', null, null, 213, '/task/213', 'Xavier', 'bamb', 'Xavier updated labels for TASK Labels used in project should be available to use', 'SetLabelEvent');
INSERT INTO public.notifications (id, created_at, updated_at, actions, content, content_id, link, originator, target_user, title, type) VALUES (362, '2020-05-04 07:14:30.119000', '2020-05-04 07:14:30.119000', null, null, 213, '/task/213', 'Xavier', 'Michael_Zhou', 'Xavier updated labels for TASK Labels used in project should be available to use', 'SetLabelEvent');
INSERT INTO public.notifications (id, created_at, updated_at, actions, content, content_id, link, originator, target_user, title, type) VALUES (363, '2020-05-04 07:14:30.119000', '2020-05-04 07:14:30.119000', null, null, 213, '/task/213', 'Xavier', 'ttt', 'Xavier updated labels for TASK Labels used in project should be available to use', 'SetLabelEvent');
INSERT INTO public.notifications (id, created_at, updated_at, actions, content, content_id, link, originator, target_user, title, type) VALUES (364, '2020-05-04 07:18:19.608000', '2020-05-04 07:18:19.608000', null, null, 213, '/task/213', 'Xavier', 'wanismvp', 'Xavier updated labels for TASK Labels used in project should be available to use', 'SetLabelEvent');
INSERT INTO public.notifications (id, created_at, updated_at, actions, content, content_id, link, originator, target_user, title, type) VALUES (365, '2020-05-04 07:18:19.608000', '2020-05-04 07:18:19.608000', null, null, 213, '/task/213', 'Xavier', 'Arthas', 'Xavier updated labels for TASK Labels used in project should be available to use', 'SetLabelEvent');
INSERT INTO public.notifications (id, created_at, updated_at, actions, content, content_id, link, originator, target_user, title, type) VALUES (366, '2020-05-04 07:18:19.608000', '2020-05-04 07:18:19.608000', null, null, 213, '/task/213', 'Xavier', 'XXXXX', 'Xavier updated labels for TASK Labels used in project should be available to use', 'SetLabelEvent');
INSERT INTO public.notifications (id, created_at, updated_at, actions, content, content_id, link, originator, target_user, title, type) VALUES (367, '2020-05-04 07:18:19.608000', '2020-05-04 07:18:19.608000', null, null, 213, '/task/213', 'Xavier', 'Bai_Bai', 'Xavier updated labels for TASK Labels used in project should be available to use', 'SetLabelEvent');
INSERT INTO public.notifications (id, created_at, updated_at, actions, content, content_id, link, originator, target_user, title, type) VALUES (368, '2020-05-04 07:18:19.608000', '2020-05-04 07:18:19.608000', null, null, 213, '/task/213', 'Xavier', 'Fun_bam', 'Xavier updated labels for TASK Labels used in project should be available to use', 'SetLabelEvent');
INSERT INTO public.notifications (id, created_at, updated_at, actions, content, content_id, link, originator, target_user, title, type) VALUES (369, '2020-05-04 07:18:19.608000', '2020-05-04 07:18:19.608000', null, null, 213, '/task/213', 'Xavier', 'bamb', 'Xavier updated labels for TASK Labels used in project should be available to use', 'SetLabelEvent');
INSERT INTO public.notifications (id, created_at, updated_at, actions, content, content_id, link, originator, target_user, title, type) VALUES (370, '2020-05-04 07:18:19.608000', '2020-05-04 07:18:19.608000', null, null, 213, '/task/213', 'Xavier', 'Michael_Zhou', 'Xavier updated labels for TASK Labels used in project should be available to use', 'SetLabelEvent');
INSERT INTO public.notifications (id, created_at, updated_at, actions, content, content_id, link, originator, target_user, title, type) VALUES (371, '2020-05-04 07:18:19.608000', '2020-05-04 07:18:19.608000', null, null, 213, '/task/213', 'Xavier', 'ttt', 'Xavier updated labels for TASK Labels used in project should be available to use', 'SetLabelEvent');
INSERT INTO public.notifications (id, created_at, updated_at, actions, content, content_id, link, originator, target_user, title, type) VALUES (372, '2020-05-04 07:22:34.167000', '2020-05-04 07:22:34.167000', null, null, 213, '/task/213', 'Xavier', 'Arthas', 'Task Labels used in project should be available to use is unassigned by Xavier', 'UpdateTaskAssigneeEvent');
INSERT INTO public.notifications (id, created_at, updated_at, actions, content, content_id, link, originator, target_user, title, type) VALUES (373, '2020-05-04 07:22:34.174000', '2020-05-04 07:22:34.174000', null, null, 213, '/task/213', 'Xavier', 'wanismvp', 'Task Labels used in project should be available to use is unassigned by Xavier', 'UpdateTaskAssigneeEvent');
INSERT INTO public.notifications (id, created_at, updated_at, actions, content, content_id, link, originator, target_user, title, type) VALUES (374, '2020-05-04 07:22:34.178000', '2020-05-04 07:22:34.178000', null, null, 213, '/task/213', 'Xavier', 'Michael_Zhou', 'Task Labels used in project should be available to use is assigned to Michael_Zhou by Xavier', 'UpdateTaskAssigneeEvent');