INSERT INTO public.users (id, created_at, updated_at, name, currency, timezone, reminder_before_task, date_format, time_format)
VALUES (0, '2020-02-11 05:01:54.960000', '2020-02-11 05:01:54.960000', 'BulletJournal', 'US', 'America/Los_Angeles', 1, 0, 0);
INSERT INTO public.groups (id, created_at, updated_at, name, owner, default_group)
VALUES (98, '2020-02-11 05:01:55.055000', '2020-02-11 05:01:55.055000', 'Default', 'BulletJournal', true);
INSERT INTO public.user_groups (group_id, user_id, accepted) VALUES (98, 0, true);
INSERT INTO public.groups (id, created_at, updated_at, name, owner, default_group)
VALUES (99, '2020-02-11 05:01:55.055000', '2020-02-11 05:01:55.055000', 'Bullet', 'BulletJournal', false);
INSERT INTO public.user_groups (group_id, user_id, accepted) VALUES (99, 0, true);

INSERT INTO public.users (id, created_at, updated_at, name, currency, timezone, reminder_before_task, date_format, time_format)
VALUES (1, '2020-02-11 14:34:09.535000', '2020-02-11 14:34:09.535000', 'Xavier', 'US', 'America/Los_Angeles', 1, 0, 0);
INSERT INTO public.groups (id, created_at, updated_at, name, owner, default_group)
VALUES (1, '2020-02-11 14:34:09.535000', '2020-02-11 14:34:09.535000', 'Default', 'Xavier', true);
INSERT INTO public.user_groups (group_id, user_id, accepted) VALUES (1, 1, true);

INSERT INTO public.users (id, created_at, updated_at, name, currency, timezone, reminder_before_task, date_format, time_format)
VALUES (2, '2020-02-11 14:34:49.363000', '2020-02-11 14:34:49.363000', 'bbs1024', 'US', 'America/Los_Angeles', 1, 0, 0);
INSERT INTO public.groups (id, created_at, updated_at, name, owner, default_group)
VALUES (2, '2020-02-11 14:34:09.535000', '2020-02-11 14:34:09.535000', 'Default', 'bbs1024', true);
INSERT INTO public.user_groups (group_id, user_id, accepted) VALUES (2, 2, true);

INSERT INTO public.users (id, created_at, updated_at, name, currency, timezone, reminder_before_task, date_format, time_format)
VALUES (3, '2020-02-11 14:35:16.334000', '2020-02-11 14:35:16.334000', 'ccc', 'US', 'America/Los_Angeles', 1, 0, 0);
INSERT INTO public.groups (id, created_at, updated_at, name, owner, default_group)
VALUES (3, '2020-02-11 14:34:09.535000', '2020-02-11 14:34:09.535000', 'Default', 'ccc', true);
INSERT INTO public.user_groups (group_id, user_id, accepted) VALUES (3, 3, true);

INSERT INTO public.users (id, created_at, updated_at, name, currency, timezone, reminder_before_task, date_format, time_format)
VALUES (4, '2020-02-11 14:35:44.218000', '2020-02-11 14:35:44.218000', 'Thinker', 'US', 'America/Los_Angeles', 1, 0, 0);
INSERT INTO public.groups (id, created_at, updated_at, name, owner, default_group)
VALUES (4, '2020-02-11 14:34:09.535000', '2020-02-11 14:34:09.535000', 'Default', 'Thinker', true);
INSERT INTO public.user_groups (group_id, user_id, accepted) VALUES (4, 4, true);

INSERT INTO public.users (id, created_at, updated_at, name, currency, timezone, reminder_before_task, date_format, time_format)
VALUES (5, '2020-02-11 14:35:50.358000', '2020-02-11 14:35:50.358000', 'Joker', 'US', 'America/Los_Angeles', 1, 0, 0);
INSERT INTO public.groups (id, created_at, updated_at, name, owner, default_group)
VALUES (5, '2020-02-11 14:34:09.535000', '2020-02-11 14:34:09.535000', 'Default', 'Joker', true);
INSERT INTO public.user_groups (group_id, user_id, accepted) VALUES (5, 5, true);

INSERT INTO public.users (id, created_at, updated_at, name, currency, timezone, reminder_before_task, date_format, time_format)
VALUES (6, '2020-02-11 14:36:40.548000', '2020-02-11 14:36:40.548000', 'mqm', 'US', 'America/Los_Angeles', 1, 0, 0);
INSERT INTO public.groups (id, created_at, updated_at, name, owner, default_group)
VALUES (6, '2020-02-11 14:34:09.535000', '2020-02-11 14:34:09.535000', 'Default', 'mqm', true);
INSERT INTO public.user_groups (group_id, user_id, accepted) VALUES (6, 6, true);

INSERT INTO public.users (id, created_at, updated_at, name, currency, timezone, reminder_before_task, date_format, time_format)
VALUES (7, '2020-02-11 14:36:52.566000', '2020-02-11 14:36:52.566000', 'hero', 'US', 'America/Los_Angeles', 1, 0, 0);
INSERT INTO public.groups (id, created_at, updated_at, name, owner, default_group)
VALUES (7, '2020-02-11 14:34:09.535000', '2020-02-11 14:34:09.535000', 'Default', 'hero', true);
INSERT INTO public.user_groups (group_id, user_id, accepted) VALUES (7, 7, true);

INSERT INTO public.users (id, created_at, updated_at, name, currency, timezone, reminder_before_task, date_format, time_format)
VALUES (8, '2020-02-11 14:37:14.582000', '2020-02-11 14:37:14.582000', 'bean', 'US', 'America/Los_Angeles', 1, 0, 0);
INSERT INTO public.groups (id, created_at, updated_at, name, owner, default_group)
VALUES (8, '2020-02-11 14:34:09.535000', '2020-02-11 14:34:09.535000', 'Default', 'bean', true);
INSERT INTO public.user_groups (group_id, user_id, accepted) VALUES (8, 8, true);

INSERT INTO public.users (id, created_at, updated_at, name, currency, timezone, reminder_before_task, date_format, time_format)
VALUES (9, '2020-02-11 14:37:21.339000', '2020-02-11 14:37:21.339000', 'xlf', 'US', 'America/Los_Angeles', 1, 0, 0);
INSERT INTO public.groups (id, created_at, updated_at, name, owner, default_group)
VALUES (9, '2020-02-11 14:34:09.535000', '2020-02-11 14:34:09.535000', 'Default', 'xlf', true);
INSERT INTO public.user_groups (group_id, user_id, accepted) VALUES (9, 9, true);

INSERT INTO public.users (id, created_at, updated_at, name, currency, timezone, reminder_before_task, date_format, time_format)
VALUES (10, '2020-02-11 14:37:30.421000', '2020-02-11 14:37:30.421000', '999999', 'US', 'America/Los_Angeles', 2, 1, 1);
INSERT INTO public.groups (id, created_at, updated_at, name, owner, default_group)
VALUES (10, '2020-02-11 14:34:09.535000', '2020-02-11 14:34:09.535000', 'Default', '999999', true);
INSERT INTO public.user_groups (group_id, user_id, accepted) VALUES (10, 10, true);

INSERT INTO public.users (id, created_at, updated_at, name, currency, timezone, reminder_before_task, date_format, time_format)
VALUES (11, '2020-02-11 14:37:41.698000', '2020-02-11 14:37:41.698000', '0518', 'US', 'America/Los_Angeles', 3, 1, 0);
INSERT INTO public.groups (id, created_at, updated_at, name, owner, default_group)
VALUES (11, '2020-02-11 14:34:09.535000', '2020-02-11 14:34:09.535000', 'Default', '0518', true);
INSERT INTO public.user_groups (group_id, user_id, accepted) VALUES (11, 11, true);

INSERT INTO public.users (id, created_at, updated_at, name, currency, timezone, reminder_before_task, date_format, time_format)
VALUES (12, '2020-02-11 14:37:52.109000', '2020-02-11 14:37:52.109000', 'Scarlet', 'US', 'America/Los_Angeles', 0, 0, 1);
INSERT INTO public.groups (id, created_at, updated_at, name, owner, default_group)
VALUES (12, '2020-02-11 14:34:09.535000', '2020-02-11 14:34:09.535000', 'Default', 'Scarlet', true);
INSERT INTO public.user_groups (group_id, user_id, accepted) VALUES (12, 12, true);

INSERT INTO public.users (id, created_at, updated_at, name, currency, timezone, reminder_before_task, date_format, time_format)
VALUES (13, '2020-02-11 14:38:17.230000', '2020-02-11 14:38:17.230000', 'lsx9981', 'US', 'America/Los_Angeles', 4, 1, 1);
INSERT INTO public.groups (id, created_at, updated_at, name, owner, default_group)
VALUES (13, '2020-02-11 14:34:09.535000', '2020-02-11 14:34:09.535000', 'Default', 'lsx9981', true);
INSERT INTO public.user_groups (group_id, user_id, accepted) VALUES (13, 13, true);

INSERT INTO public.users (id, created_at, updated_at, name, currency, timezone, reminder_before_task, date_format, time_format)
VALUES (14, '2020-02-11 14:40:17.230000', '2020-02-11 14:40:17.240000', 'Michael_Zhou', 'US', 'America/Los_Angeles', 1, 1, 1);
INSERT INTO public.groups (id, created_at, updated_at, name, owner, default_group)
VALUES (14, '2020-02-11 14:45:09.535000', '2020-02-11 14:45:09.536000', 'Default', 'Michael_Zhou', true);
INSERT INTO public.user_groups (group_id, user_id, accepted) VALUES (14, 14, true);

-- Join Group - Xavier invites BulletJournal to Join Group "Default" ID 1
INSERT INTO public.user_groups (group_id, user_id, accepted) VALUES (1, 0, true);
INSERT INTO public.notifications (id, created_at, updated_at, actions, content, content_id, originator, target_user, title, type)
VALUES (0, '2020-02-13 10:38:59.901000', '2020-02-13 10:38:59.901000', '["ACCEPT","DECLINE"]', null, 1, 'Xavier', 'BulletJournal', 'Xavier invited you to join Group Default', 'JoinGroupEvent');

INSERT INTO public.user_groups (group_id, user_id, accepted) VALUES (2, 0, true);
INSERT INTO public.notifications (id, created_at, updated_at, actions, content, content_id, originator, target_user, title, type)
VALUES (1, '2020-02-13 10:38:59.901000', '2020-02-13 10:38:59.901000', '["ACCEPT","DECLINE"]', null, 2, 'bbs1024', 'BulletJournal', 'bbs1024 invited you to join Group Default', 'JoinGroupEvent');

INSERT INTO public.user_groups (group_id, user_id, accepted) VALUES (3, 0, true);
INSERT INTO public.notifications (id, created_at, updated_at, actions, content, content_id, originator, target_user, title, type)
VALUES (2, '2020-02-13 10:38:59.901000', '2020-02-13 10:38:59.901000', '["ACCEPT","DECLINE"]', null, 3, 'ccc', 'BulletJournal', 'ccc invited you to join Group Default', 'JoinGroupEvent');

INSERT INTO public.user_groups (group_id, user_id, accepted) VALUES (4, 0, true);
INSERT INTO public.notifications (id, created_at, updated_at, actions, content, content_id, originator, target_user, title, type)
VALUES (3, '2020-02-13 10:38:59.901000', '2020-02-13 10:38:59.901000', '["ACCEPT","DECLINE"]', null, 4, 'Thinker', 'BulletJournal', 'Thinker invited you to join Group Default', 'JoinGroupEvent');

INSERT INTO public.user_groups (group_id, user_id, accepted) VALUES (5, 0, true);
INSERT INTO public.notifications (id, created_at, updated_at, actions, content, content_id, originator, target_user, title, type)
VALUES (4, '2020-02-13 10:38:59.901000', '2020-02-13 10:38:59.901000', '["ACCEPT","DECLINE"]', null, 5, 'Joker', 'BulletJournal', 'Joker invited you to join Group Default', 'JoinGroupEvent');

INSERT INTO public.user_groups (group_id, user_id, accepted) VALUES (6, 0, true);
INSERT INTO public.notifications (id, created_at, updated_at, actions, content, content_id, originator, target_user, title, type)
VALUES (5, '2020-02-13 10:38:59.901000', '2020-02-13 10:38:59.901000', '["ACCEPT","DECLINE"]', null, 6, 'mqm', 'BulletJournal', 'mqm invited you to join Group Default', 'JoinGroupEvent');

INSERT INTO public.user_groups (group_id, user_id, accepted) VALUES (7, 0, true);
INSERT INTO public.notifications (id, created_at, updated_at, actions, content, content_id, originator, target_user, title, type)
VALUES (6, '2020-02-13 10:38:59.901000', '2020-02-13 10:38:59.901000', '["ACCEPT","DECLINE"]', null, 7, 'hero', 'BulletJournal', 'hero invited you to join Group Default', 'JoinGroupEvent');

INSERT INTO public.user_groups (group_id, user_id, accepted) VALUES (8, 0, true);
INSERT INTO public.notifications (id, created_at, updated_at, actions, content, content_id, originator, target_user, title, type)
VALUES (7, '2020-02-13 10:38:59.901000', '2020-02-13 10:38:59.901000', '["ACCEPT","DECLINE"]', null, 8, 'bean', 'BulletJournal', 'bean invited you to join Group Default', 'JoinGroupEvent');

-- My default group
INSERT INTO public.user_groups (group_id, user_id, accepted) VALUES (98, 4, true);
INSERT INTO public.user_groups (group_id, user_id, accepted) VALUES (98, 5, true);
INSERT INTO public.user_groups (group_id, user_id, accepted) VALUES (98, 6, true);
INSERT INTO public.user_groups (group_id, user_id, accepted) VALUES (98, 7, true);
INSERT INTO public.user_groups (group_id, user_id, accepted) VALUES (98, 8, true);

-- DeleteGroupEvent
INSERT INTO public.notifications (id, created_at, updated_at, actions, content, content_id, originator, target_user, title, type)
VALUES (8, '2020-02-13 10:38:59.901000', '2020-02-13 10:38:59.901000', null, null, 99, 'ShrimpChips', 'BulletJournal', 'Group Avenger is deleted', 'DeleteGroupEvent');

-- Joined Scarlet's Default Group
INSERT INTO public.user_groups (group_id, user_id, accepted) VALUES (12, 0, true);

-- Joined lsx9981's Default Group
INSERT INTO public.user_groups (group_id, user_id, accepted) VALUES (13, 0, true);

-- Scarlet creates 6 projects
INSERT INTO public.projects (id, created_at, updated_at, name, owner, description, type, group_id)
VALUES (1, '2020-02-15 07:11:22.535000', '2020-02-15 07:11:22.535000', 'P1', 'Scarlet', null, 0, 12);

INSERT INTO public.projects (id, created_at, updated_at, name, owner, description, type, group_id)
VALUES (2, '2020-02-15 07:11:22.535000', '2020-02-15 07:11:22.535000', 'P2', 'Scarlet', null, 1, 12);

INSERT INTO public.projects (id, created_at, updated_at, name, owner, description, type, group_id)
VALUES (3, '2020-02-15 07:11:22.535000', '2020-02-15 07:11:22.535000', 'P3', 'Scarlet', null, 2, 12);

INSERT INTO public.projects (id, created_at, updated_at, name, owner, description, type, group_id)
VALUES (4, '2020-02-15 07:11:22.535000', '2020-02-15 07:11:22.535000', 'P4', 'Scarlet', null, 0, 12);

INSERT INTO public.projects (id, created_at, updated_at, name, owner, description, type, group_id)
VALUES (5, '2020-02-15 07:11:22.535000', '2020-02-15 07:11:22.535000', 'P5', 'Scarlet', null, 0, 12);

INSERT INTO public.projects (id, created_at, updated_at, name, owner, description, type, group_id)
VALUES (6, '2020-02-15 07:11:22.535000', '2020-02-15 07:11:22.535000', 'P6', 'Scarlet', null, 0, 12);

-- lsx9981 creates 1 project
INSERT INTO public.projects (id, created_at, updated_at, name, owner, description, type, group_id)
VALUES (7, '2020-02-15 07:11:22.535000', '2020-02-15 07:11:22.535000', 'P1', 'lsx9981', null, 0, 13);

INSERT INTO public.user_projects (owner, created_at, updated_at, owned_projects, shared_projects)
VALUES ('Scarlet', '2020-02-15 07:11:22.535000', '2020-02-15 07:11:22.535000', '[{"id":1,"s":[{"id":2,"s":[{"id":3,"s":[]}]},{"id":4,"s":[]}]},{"id":5,"s":[{"id":6,"s":[]}]}]', null);

INSERT INTO public.user_projects (owner, created_at, updated_at, owned_projects, shared_projects)
VALUES ('lsx9981', '2020-02-15 07:11:22.535000', '2020-02-15 07:11:22.535000', '[{"id":7,"s":[]}]', null);

-- Michael_Zhou created 1 project in default group
INSERT INTO public.projects (id, created_at, updated_at, name, owner, description, type, group_id)
VALUES (8, '2020-02-15 07:11:22.535000', '2020-02-15 07:11:22.535000', 'P1', 'Michael_Zhou', null, 2, 14);

-- Michael_Zhou created 1 transaction in the project of default group
INSERT INTO public.transactions(id, created_at, updated_at, name, owner, amount, date, end_time, payer, start_time, time, timezone, transaction_type, project_id)
VALUES (0, '2020-02-15 07:11:22.535000', '2020-02-15 07:11:22.535000', 'Payment1', 'Michael_Zhou', 1000, '2020-02-20', '2020-02-20 00:00:00.000000', 'Michael_Zhou', '2020-02-20 00:00:00.000000', null, 'America/Los_Angeles', 0, 8);
INSERT INTO public.transactions (id, created_at, updated_at, name, owner, amount, date, end_time, payer, start_time, time, timezone, transaction_type, project_id)
VALUES (1, '2020-02-15 07:11:22.535000', '2020-02-15 07:11:22.535000', 'Payment2', 'Michael_Zhou', 2000, '2020-02-21', '2020-02-21 00:00:00.000000', 'Michael_Zhou', '2020-02-21 00:00:00.000000', null, 'America/Los_Angeles', 0, 8);
INSERT INTO public.transactions (id, created_at, updated_at, name, owner, amount, date, end_time, payer, start_time, time, timezone, transaction_type, project_id)
VALUES (2, '2020-02-15 07:11:22.535000', '2020-02-15 07:11:22.535000', 'Payment3', 'Michael_Zhou', 3000, '2020-02-22', '2020-02-22 00:00:00.000000', 'Michael_Zhou', '2020-02-22 00:00:00.000000', null, 'America/Los_Angeles', 1, 8);
INSERT INTO public.transactions (id, created_at, updated_at, name, owner, amount, date, end_time, payer, start_time, time, timezone, transaction_type, project_id)
VALUES (3, '2020-02-15 07:11:22.535000', '2020-02-15 07:11:22.535000', 'Payment4', 'Michael_Zhou', 4000, '2020-02-22', '2020-02-22 00:00:00.000000', 'Michael_Zhou', '2020-02-22 00:00:00.000000', null, 'America/Los_Angeles', 1, 8);
INSERT INTO public.transactions (id, created_at, updated_at, name, owner, amount, date, end_time, payer, start_time, time, timezone, transaction_type, project_id)
VALUES (4, '2020-02-15 07:11:22.535000', '2020-02-15 07:11:22.535000', 'Payment5', 'Michael_Zhou', 5000, '2020-02-23', '2020-02-23 00:00:00.000000', 'Michael_Zhou', '2020-02-23 00:00:00.000000', null, 'America/Los_Angeles', 1, 8);
