INSERT INTO public.users (id, created_at, updated_at, name, currency, timezone)
VALUES (0, '2020-02-11 05:01:54.960000', '2020-02-11 05:01:54.960000', 'BulletJournal', null, null);
INSERT INTO public.groups (id, created_at, updated_at, name, owner)
VALUES (0, '2020-02-11 05:01:55.055000', '2020-02-11 05:01:55.055000', 'Default', 'BulletJournal');
INSERT INTO public.user_groups (group_id, user_id, accepted) VALUES (0, 0, true);

INSERT INTO public.users (id, created_at, updated_at, name, currency, timezone)
VALUES (1, '2020-02-11 14:34:09.535000', '2020-02-11 14:34:09.535000', 'Xavier', null, null);
INSERT INTO public.groups (id, created_at, updated_at, name, owner)
VALUES (1, '2020-02-11 14:34:09.535000', '2020-02-11 14:34:09.535000', 'Default', 'Xavier');
INSERT INTO public.user_groups (group_id, user_id, accepted) VALUES (1, 1, true);

INSERT INTO public.users (id, created_at, updated_at, name, currency, timezone)
VALUES (2, '2020-02-11 14:34:49.363000', '2020-02-11 14:34:49.363000', 'bbs1024', null, null);
INSERT INTO public.groups (id, created_at, updated_at, name, owner)
VALUES (2, '2020-02-11 14:34:09.535000', '2020-02-11 14:34:09.535000', 'Default', 'bbs1024');
INSERT INTO public.user_groups (group_id, user_id, accepted) VALUES (2, 2, true);

INSERT INTO public.users (id, created_at, updated_at, name, currency, timezone)
VALUES (3, '2020-02-11 14:35:16.334000', '2020-02-11 14:35:16.334000', 'ccc', null, null);
INSERT INTO public.groups (id, created_at, updated_at, name, owner)
VALUES (3, '2020-02-11 14:34:09.535000', '2020-02-11 14:34:09.535000', 'Default', 'ccc');
INSERT INTO public.user_groups (group_id, user_id, accepted) VALUES (3, 3, true);

INSERT INTO public.users (id, created_at, updated_at, name, currency, timezone)
VALUES (4, '2020-02-11 14:35:44.218000', '2020-02-11 14:35:44.218000', 'Thinker', null, null);
INSERT INTO public.groups (id, created_at, updated_at, name, owner)
VALUES (4, '2020-02-11 14:34:09.535000', '2020-02-11 14:34:09.535000', 'Default', 'Thinker');
INSERT INTO public.user_groups (group_id, user_id, accepted) VALUES (4, 4, true);

INSERT INTO public.users (id, created_at, updated_at, name, currency, timezone)
VALUES (5, '2020-02-11 14:35:50.358000', '2020-02-11 14:35:50.358000', 'Joker', null, null);
INSERT INTO public.groups (id, created_at, updated_at, name, owner)
VALUES (5, '2020-02-11 14:34:09.535000', '2020-02-11 14:34:09.535000', 'Default', 'Joker');
INSERT INTO public.user_groups (group_id, user_id, accepted) VALUES (5, 5, true);

INSERT INTO public.users (id, created_at, updated_at, name, currency, timezone)
VALUES (6, '2020-02-11 14:36:40.548000', '2020-02-11 14:36:40.548000', 'mqm', null, null);
INSERT INTO public.groups (id, created_at, updated_at, name, owner)
VALUES (6, '2020-02-11 14:34:09.535000', '2020-02-11 14:34:09.535000', 'Default', 'mqm');
INSERT INTO public.user_groups (group_id, user_id, accepted) VALUES (6, 6, true);

INSERT INTO public.users (id, created_at, updated_at, name, currency, timezone)
VALUES (7, '2020-02-11 14:36:52.566000', '2020-02-11 14:36:52.566000', 'hero', null, null);
INSERT INTO public.groups (id, created_at, updated_at, name, owner)
VALUES (7, '2020-02-11 14:34:09.535000', '2020-02-11 14:34:09.535000', 'Default', 'hero');
INSERT INTO public.user_groups (group_id, user_id, accepted) VALUES (7, 7, true);

INSERT INTO public.users (id, created_at, updated_at, name, currency, timezone)
VALUES (8, '2020-02-11 14:37:14.582000', '2020-02-11 14:37:14.582000', 'bean', null, null);
INSERT INTO public.groups (id, created_at, updated_at, name, owner)
VALUES (8, '2020-02-11 14:34:09.535000', '2020-02-11 14:34:09.535000', 'Default', 'bean');
INSERT INTO public.user_groups (group_id, user_id, accepted) VALUES (8, 8, true);

INSERT INTO public.users (id, created_at, updated_at, name, currency, timezone)
VALUES (9, '2020-02-11 14:37:21.339000', '2020-02-11 14:37:21.339000', 'xlf', null, null);
INSERT INTO public.groups (id, created_at, updated_at, name, owner)
VALUES (9, '2020-02-11 14:34:09.535000', '2020-02-11 14:34:09.535000', 'Default', 'xlf');
INSERT INTO public.user_groups (group_id, user_id, accepted) VALUES (9, 9, true);

INSERT INTO public.users (id, created_at, updated_at, name, currency, timezone)
VALUES (10, '2020-02-11 14:37:30.421000', '2020-02-11 14:37:30.421000', '999999', null, null);
INSERT INTO public.groups (id, created_at, updated_at, name, owner)
VALUES (10, '2020-02-11 14:34:09.535000', '2020-02-11 14:34:09.535000', 'Default', '999999');
INSERT INTO public.user_groups (group_id, user_id, accepted) VALUES (10, 10, true);

INSERT INTO public.users (id, created_at, updated_at, name, currency, timezone)
VALUES (11, '2020-02-11 14:37:41.698000', '2020-02-11 14:37:41.698000', '0518', null, null);
INSERT INTO public.groups (id, created_at, updated_at, name, owner)
VALUES (11, '2020-02-11 14:34:09.535000', '2020-02-11 14:34:09.535000', 'Default', '0518');
INSERT INTO public.user_groups (group_id, user_id, accepted) VALUES (11, 11, true);

INSERT INTO public.users (id, created_at, updated_at, name, currency, timezone)
VALUES (12, '2020-02-11 14:37:52.109000', '2020-02-11 14:37:52.109000', 'Scarlet', null, null);
INSERT INTO public.groups (id, created_at, updated_at, name, owner)
VALUES (12, '2020-02-11 14:34:09.535000', '2020-02-11 14:34:09.535000', 'Default', 'Scarlet');
INSERT INTO public.user_groups (group_id, user_id, accepted) VALUES (12, 12, true);

INSERT INTO public.users (id, created_at, updated_at, name, currency, timezone)
VALUES (13, '2020-02-11 14:38:17.230000', '2020-02-11 14:38:17.230000', 'lsx9981', null, null);
INSERT INTO public.groups (id, created_at, updated_at, name, owner)
VALUES (13, '2020-02-11 14:34:09.535000', '2020-02-11 14:34:09.535000', 'Default', 'lsx9981');
INSERT INTO public.user_groups (group_id, user_id, accepted) VALUES (13, 13, true);

-- Join Group - Xavier invites BulletJournal to Join Group "Default" ID 1
INSERT INTO public.user_groups (group_id, user_id, accepted) VALUES (1, 0, false);
INSERT INTO public.notifications (id, created_at, updated_at, actions, content, content_id, originator, target_user, title, type)
VALUES (0, '2020-02-13 10:38:59.901000', '2020-02-13 10:38:59.901000', '["ACCEPT","DECLINE"]', null, 1, 'Xavier', 'BulletJournal', 'Xavier invited you to join Group Default', 'JoinGroupEvent');

INSERT INTO public.user_groups (group_id, user_id, accepted) VALUES (2, 0, false);
INSERT INTO public.notifications (id, created_at, updated_at, actions, content, content_id, originator, target_user, title, type)
VALUES (1, '2020-02-13 10:38:59.901000', '2020-02-13 10:38:59.901000', '["ACCEPT","DECLINE"]', null, 2, 'bbs1024', 'BulletJournal', 'bbs1024 invited you to join Group Default', 'JoinGroupEvent');

INSERT INTO public.user_groups (group_id, user_id, accepted) VALUES (3, 0, false);
INSERT INTO public.notifications (id, created_at, updated_at, actions, content, content_id, originator, target_user, title, type)
VALUES (2, '2020-02-13 10:38:59.901000', '2020-02-13 10:38:59.901000', '["ACCEPT","DECLINE"]', null, 3, 'ccc', 'BulletJournal', 'ccc invited you to join Group Default', 'JoinGroupEvent');

INSERT INTO public.user_groups (group_id, user_id, accepted) VALUES (4, 0, false);
INSERT INTO public.notifications (id, created_at, updated_at, actions, content, content_id, originator, target_user, title, type)
VALUES (3, '2020-02-13 10:38:59.901000', '2020-02-13 10:38:59.901000', '["ACCEPT","DECLINE"]', null, 4, 'Thinker', 'BulletJournal', 'Thinker invited you to join Group Default', 'JoinGroupEvent');

INSERT INTO public.user_groups (group_id, user_id, accepted) VALUES (5, 0, false);
INSERT INTO public.notifications (id, created_at, updated_at, actions, content, content_id, originator, target_user, title, type)
VALUES (4, '2020-02-13 10:38:59.901000', '2020-02-13 10:38:59.901000', '["ACCEPT","DECLINE"]', null, 5, 'Joker', 'BulletJournal', 'Joker invited you to join Group Default', 'JoinGroupEvent');

INSERT INTO public.user_groups (group_id, user_id, accepted) VALUES (6, 0, false);
INSERT INTO public.notifications (id, created_at, updated_at, actions, content, content_id, originator, target_user, title, type)
VALUES (5, '2020-02-13 10:38:59.901000', '2020-02-13 10:38:59.901000', '["ACCEPT","DECLINE"]', null, 6, 'mqm', 'BulletJournal', 'mqm invited you to join Group Default', 'JoinGroupEvent');

INSERT INTO public.user_groups (group_id, user_id, accepted) VALUES (7, 0, false);
INSERT INTO public.notifications (id, created_at, updated_at, actions, content, content_id, originator, target_user, title, type)
VALUES (6, '2020-02-13 10:38:59.901000', '2020-02-13 10:38:59.901000', '["ACCEPT","DECLINE"]', null, 7, 'hero', 'BulletJournal', 'hero invited you to join Group Default', 'JoinGroupEvent');

INSERT INTO public.user_groups (group_id, user_id, accepted) VALUES (8, 0, false);
INSERT INTO public.notifications (id, created_at, updated_at, actions, content, content_id, originator, target_user, title, type)
VALUES (7, '2020-02-13 10:38:59.901000', '2020-02-13 10:38:59.901000', '["ACCEPT","DECLINE"]', null, 8, 'bean', 'BulletJournal', 'bean invited you to join Group Default', 'JoinGroupEvent');

-- Joined Scarlet's Default Group
INSERT INTO public.user_groups (group_id, user_id, accepted) VALUES (12, 0, true);

-- Joined lsx9981's Default Group
INSERT INTO public.user_groups (group_id, user_id, accepted) VALUES (13, 0, true);

-- Scarlet creates 6 projects
INSERT INTO public.projects (id, created_at, updated_at, name, owner, description, type, group_id)
VALUES (1, '2020-02-15 07:11:22.535000', '2020-02-15 07:11:22.535000', 'P1', 'Scarlet', null, 0, 12);

INSERT INTO public.projects (id, created_at, updated_at, name, owner, description, type, group_id)
VALUES (2, '2020-02-15 07:11:22.535000', '2020-02-15 07:11:22.535000', 'P2', 'Scarlet', null, 1, 12);

INSERT INTO public.projects (id, created_at, updated_at, name, owner, description, type, group_id)
VALUES (3, '2020-02-15 07:11:22.535000', '2020-02-15 07:11:22.535000', 'P3', 'Scarlet', null, 2, 12);

INSERT INTO public.projects (id, created_at, updated_at, name, owner, description, type, group_id)
VALUES (4, '2020-02-15 07:11:22.535000', '2020-02-15 07:11:22.535000', 'P4', 'Scarlet', null, 0, 12);

INSERT INTO public.projects (id, created_at, updated_at, name, owner, description, type, group_id)
VALUES (5, '2020-02-15 07:11:22.535000', '2020-02-15 07:11:22.535000', 'P5', 'Scarlet', null, 0, 12);

INSERT INTO public.projects (id, created_at, updated_at, name, owner, description, type, group_id)
VALUES (6, '2020-02-15 07:11:22.535000', '2020-02-15 07:11:22.535000', 'P6', 'Scarlet', null, 0, 12);

-- lsx9981 creates 1 project
INSERT INTO public.projects (id, created_at, updated_at, name, owner, description, type, group_id)
VALUES (7, '2020-02-15 07:11:22.535000', '2020-02-15 07:11:22.535000', 'P1', 'lsx9981', null, 0, 13);

INSERT INTO public.user_projects (owner, created_at, updated_at, owned_projects, shared_projects)
VALUES ('Scarlet', '2020-02-15 07:11:22.535000', '2020-02-15 07:11:22.535000', '[{"id":1,"s":[{"id":2,"s":[{"id":3,"s":[]}]},{"id":4,"s":[]}]},{"id":5,"s":[{"id":6,"s":[]}]}]', null);

INSERT INTO public.user_projects (owner, created_at, updated_at, owned_projects, shared_projects)
VALUES ('lsx9981', '2020-02-15 07:11:22.535000', '2020-02-15 07:11:22.535000', '[{"id":7,"s":[]}]', null);
